date_key,year,quarter,month_number,month_name,year_month,day_of_month,day_name,is_weekend
2025-09-01,2025,Q3,9,September,2025-09,1,Monday,False
2025-09-02,2025,Q3,9,September,2025-09,2,Tuesday,False
2025-09-03,2025,Q3,9,September,2025-09,3,Wednesday,False
2025-09-04,2025,Q3,9,September,2025-09,4,Thursday,False
2025-09-05,2025,Q3,9,September,2025-09,5,Friday,False
2025-09-06,2025,Q3,9,September,2025-09,6,Saturday,True
2025-09-07,2025,Q3,9,September,2025-09,7,Sunday,True
2025-09-08,2025,Q3,9,September,2025-09,8,Monday,False
2025-09-09,2025,Q3,9,September,2025-09,9,Tuesday,False
2025-09-10,2025,Q3,9,September,2025-09,10,Wednesday,False
2025-09-11,2025,Q3,9,September,2025-09,11,Thursday,False
2025-09-12,2025,Q3,9,September,2025-09,12,Friday,False
2025-09-13,2025,Q3,9,September,2025-09,13,Saturday,True
2025-09-14,2025,Q3,9,September,2025-09,14,Sunday,True
2025-09-15,2025,Q3,9,September,2025-09,15,Monday,False
2025-09-16,2025,Q3,9,September,2025-09,16,Tuesday,False
2025-09-17,2025,Q3,9,September,2025-09,17,Wednesday,False
2025-09-18,2025,Q3,9,September,2025-09,18,Thursday,False
2025-09-19,2025,Q3,9,September,2025-09,19,Friday,False
2025-09-20,2025,Q3,9,September,2025-09,20,Saturday,True
2025-09-21,2025,Q3,9,September,2025-09,21,Sunday,True
2025-09-22,2025,Q3,9,September,2025-09,22,Monday,False
2025-09-23,2025,Q3,9,September,2025-09,23,Tuesday,False
2025-09-24,2025,Q3,9,September,2025-09,24,Wednesday,False
2025-09-25,2025,Q3,9,September,2025-09,25,Thursday,False
2025-09-26,2025,Q3,9,September,2025-09,26,Friday,False
2025-09-27,2025,Q3,9,September,2025-09,27,Saturday,True
2025-09-28,2025,Q3,9,September,2025-09,28,Sunday,True
2025-09-29,2025,Q3,9,September,2025-09,29,Monday,False
2025-09-30,2025,Q3,9,September,2025-09,30,Tuesday,False
2025-10-01,2025,Q4,10,October,2025-10,1,Wednesday,False
2025-10-02,2025,Q4,10,October,2025-10,2,Thursday,False
2025-10-03,2025,Q4,10,October,2025-10,3,Friday,False
2025-10-04,2025,Q4,10,October,2025-10,4,Saturday,True
2025-10-05,2025,Q4,10,October,2025-10,5,Sunday,True
2025-10-06,2025,Q4,10,October,2025-10,6,Monday,False
2025-10-07,2025,Q4,10,October,2025-10,7,Tuesday,False
2025-10-08,2025,Q4,10,October,2025-10,8,Wednesday,False
2025-10-09,2025,Q4,10,October,2025-10,9,Thursday,False
2025-10-10,2025,Q4,10,October,2025-10,10,Friday,False
2025-10-11,2025,Q4,10,October,2025-10,11,Saturday,True
2025-10-12,2025,Q4,10,October,2025-10,12,Sunday,True
2025-10-13,2025,Q4,10,October,2025-10,13,Monday,False
2025-10-14,2025,Q4,10,October,2025-10,14,Tuesday,False
2025-10-15,2025,Q4,10,October,2025-10,15,Wednesday,False
2025-10-16,2025,Q4,10,October,2025-10,16,Thursday,False
2025-10-17,2025,Q4,10,October,2025-10,17,Friday,False
2025-10-18,2025,Q4,10,October,2025-10,18,Saturday,True
2025-10-19,2025,Q4,10,October,2025-10,19,Sunday,True
2025-10-20,2025,Q4,10,October,2025-10,20,Monday,False
2025-10-21,2025,Q4,10,October,2025-10,21,Tuesday,False
2025-10-22,2025,Q4,10,October,2025-10,22,Wednesday,False
2025-10-23,2025,Q4,10,October,2025-10,23,Thursday,False
2025-10-24,2025,Q4,10,October,2025-10,24,Friday,False
2025-10-25,2025,Q4,10,October,2025-10,25,Saturday,True
2025-10-26,2025,Q4,10,October,2025-10,26,Sunday,True
2025-10-27,2025,Q4,10,October,2025-10,27,Monday,False
2025-10-28,2025,Q4,10,October,2025-10,28,Tuesday,False
2025-10-29,2025,Q4,10,October,2025-10,29,Wednesday,False
2025-10-30,2025,Q4,10,October,2025-10,30,Thursday,False
2025-10-31,2025,Q4,10,October,2025-10,31,Friday,False
2025-11-01,2025,Q4,11,November,2025-11,1,Saturday,True
2025-11-02,2025,Q4,11,November,2025-11,2,Sunday,True
2025-11-03,2025,Q4,11,November,2025-11,3,Monday,False
2025-11-04,2025,Q4,11,November,2025-11,4,Tuesday,False
2025-11-05,2025,Q4,11,November,2025-11,5,Wednesday,False
2025-11-06,2025,Q4,11,November,2025-11,6,Thursday,False
2025-11-07,2025,Q4,11,November,2025-11,7,Friday,False
2025-11-08,2025,Q4,11,November,2025-11,8,Saturday,True
2025-11-09,2025,Q4,11,November,2025-11,9,Sunday,True
2025-11-10,2025,Q4,11,November,2025-11,10,Monday,False
2025-11-11,2025,Q4,11,November,2025-11,11,Tuesday,False
2025-11-12,2025,Q4,11,November,2025-11,12,Wednesday,False
2025-11-13,2025,Q4,11,November,2025-11,13,Thursday,False
2025-11-14,2025,Q4,11,November,2025-11,14,Friday,False
2025-11-15,2025,Q4,11,November,2025-11,15,Saturday,True
2025-11-16,2025,Q4,11,November,2025-11,16,Sunday,True
2025-11-17,2025,Q4,11,November,2025-11,17,Monday,False
2025-11-18,2025,Q4,11,November,2025-11,18,Tuesday,False
2025-11-19,2025,Q4,11,November,2025-11,19,Wednesday,False
2025-11-20,2025,Q4,11,November,2025-11,20,Thursday,False
2025-11-21,2025,Q4,11,November,2025-11,21,Friday,False
2025-11-22,2025,Q4,11,November,2025-11,22,Saturday,True
2025-11-23,2025,Q4,11,November,2025-11,23,Sunday,True
2025-11-24,2025,Q4,11,November,2025-11,24,Monday,False
2025-11-25,2025,Q4,11,November,2025-11,25,Tuesday,False
2025-11-26,2025,Q4,11,November,2025-11,26,Wednesday,False
2025-11-27,2025,Q4,11,November,2025-11,27,Thursday,False
2025-11-28,2025,Q4,11,November,2025-11,28,Friday,False
2025-11-29,2025,Q4,11,November,2025-11,29,Saturday,True
2025-11-30,2025,Q4,11,November,2025-11,30,Sunday,True
2025-12-01,2025,Q4,12,December,2025-12,1,Monday,False
2025-12-02,2025,Q4,12,December,2025-12,2,Tuesday,False
2025-12-03,2025,Q4,12,December,2025-12,3,Wednesday,False
2025-12-04,2025,Q4,12,December,2025-12,4,Thursday,False
2025-12-05,2025,Q4,12,December,2025-12,5,Friday,False
2025-12-06,2025,Q4,12,December,2025-12,6,Saturday,True
2025-12-07,2025,Q4,12,December,2025-12,7,Sunday,True
2025-12-08,2025,Q4,12,December,2025-12,8,Monday,False
2025-12-09,2025,Q4,12,December,2025-12,9,Tuesday,False
2025-12-10,2025,Q4,12,December,2025-12,10,Wednesday,False
2025-12-11,2025,Q4,12,December,2025-12,11,Thursday,False
2025-12-12,2025,Q4,12,December,2025-12,12,Friday,False
2025-12-13,2025,Q4,12,December,2025-12,13,Saturday,True
2025-12-14,2025,Q4,12,December,2025-12,14,Sunday,True
2025-12-15,2025,Q4,12,December,2025-12,15,Monday,False
2025-12-16,2025,Q4,12,December,2025-12,16,Tuesday,False
2025-12-17,2025,Q4,12,December,2025-12,17,Wednesday,False
2025-12-18,2025,Q4,12,December,2025-12,18,Thursday,False
2025-12-19,2025,Q4,12,December,2025-12,19,Friday,False
2025-12-20,2025,Q4,12,December,2025-12,20,Saturday,True
2025-12-21,2025,Q4,12,December,2025-12,21,Sunday,True
2025-12-22,2025,Q4,12,December,2025-12,22,Monday,False
2025-12-23,2025,Q4,12,December,2025-12,23,Tuesday,False
2025-12-24,2025,Q4,12,December,2025-12,24,Wednesday,False
2025-12-25,2025,Q4,12,December,2025-12,25,Thursday,False
2025-12-26,2025,Q4,12,December,2025-12,26,Friday,False
2025-12-27,2025,Q4,12,December,2025-12,27,Saturday,True
2025-12-28,2025,Q4,12,December,2025-12,28,Sunday,True
2025-12-29,2025,Q4,12,December,2025-12,29,Monday,False
2025-12-30,2025,Q4,12,December,2025-12,30,Tuesday,False
2025-12-31,2025,Q4,12,December,2025-12,31,Wednesday,False
2026-01-01,2026,Q1,1,January,2026-01,1,Thursday,False
2026-01-02,2026,Q1,1,January,2026-01,2,Friday,False
2026-01-03,2026,Q1,1,January,2026-01,3,Saturday,True
2026-01-04,2026,Q1,1,January,2026-01,4,Sunday,True
2026-01-05,2026,Q1,1,January,2026-01,5,Monday,False
2026-01-06,2026,Q1,1,January,2026-01,6,Tuesday,False
2026-01-07,2026,Q1,1,January,2026-01,7,Wednesday,False
2026-01-08,2026,Q1,1,January,2026-01,8,Thursday,False
2026-01-09,2026,Q1,1,January,2026-01,9,Friday,False
2026-01-10,2026,Q1,1,January,2026-01,10,Saturday,True
2026-01-11,2026,Q1,1,January,2026-01,11,Sunday,True
2026-01-12,2026,Q1,1,January,2026-01,12,Monday,False
2026-01-13,2026,Q1,1,January,2026-01,13,Tuesday,False
2026-01-14,2026,Q1,1,January,2026-01,14,Wednesday,False
2026-01-15,2026,Q1,1,January,2026-01,15,Thursday,False
2026-01-16,2026,Q1,1,January,2026-01,16,Friday,False
2026-01-17,2026,Q1,1,January,2026-01,17,Saturday,True
2026-01-18,2026,Q1,1,January,2026-01,18,Sunday,True
2026-01-19,2026,Q1,1,January,2026-01,19,Monday,False
2026-01-20,2026,Q1,1,January,2026-01,20,Tuesday,False
2026-01-21,2026,Q1,1,January,2026-01,21,Wednesday,False
2026-01-22,2026,Q1,1,January,2026-01,22,Thursday,False
2026-01-23,2026,Q1,1,January,2026-01,23,Friday,False
2026-01-24,2026,Q1,1,January,2026-01,24,Saturday,True
2026-01-25,2026,Q1,1,January,2026-01,25,Sunday,True
2026-01-26,2026,Q1,1,January,2026-01,26,Monday,False
2026-01-27,2026,Q1,1,January,2026-01,27,Tuesday,False
2026-01-28,2026,Q1,1,January,2026-01,28,Wednesday,False
2026-01-29,2026,Q1,1,January,2026-01,29,Thursday,False
2026-01-30,2026,Q1,1,January,2026-01,30,Friday,False
2026-01-31,2026,Q1,1,January,2026-01,31,Saturday,True
2026-02-01,2026,Q1,2,February,2026-02,1,Sunday,True
2026-02-02,2026,Q1,2,February,2026-02,2,Monday,False
2026-02-03,2026,Q1,2,February,2026-02,3,Tuesday,False
2026-02-04,2026,Q1,2,February,2026-02,4,Wednesday,False
2026-02-05,2026,Q1,2,February,2026-02,5,Thursday,False
2026-02-06,2026,Q1,2,February,2026-02,6,Friday,False
2026-02-07,2026,Q1,2,February,2026-02,7,Saturday,True
2026-02-08,2026,Q1,2,February,2026-02,8,Sunday,True
2026-02-09,2026,Q1,2,February,2026-02,9,Monday,False
2026-02-10,2026,Q1,2,February,2026-02,10,Tuesday,False
2026-02-11,2026,Q1,2,February,2026-02,11,Wednesday,False
2026-02-12,2026,Q1,2,February,2026-02,12,Thursday,False
2026-02-13,2026,Q1,2,February,2026-02,13,Friday,False
2026-02-14,2026,Q1,2,February,2026-02,14,Saturday,True
2026-02-15,2026,Q1,2,February,2026-02,15,Sunday,True
2026-02-16,2026,Q1,2,February,2026-02,16,Monday,False
2026-02-17,2026,Q1,2,February,2026-02,17,Tuesday,False
2026-02-18,2026,Q1,2,February,2026-02,18,Wednesday,False
2026-02-19,2026,Q1,2,February,2026-02,19,Thursday,False
2026-02-20,2026,Q1,2,February,2026-02,20,Friday,False
2026-02-21,2026,Q1,2,February,2026-02,21,Saturday,True
2026-02-22,2026,Q1,2,February,2026-02,22,Sunday,True
2026-02-23,2026,Q1,2,February,2026-02,23,Monday,False
2026-02-24,2026,Q1,2,February,2026-02,24,Tuesday,False
2026-02-25,2026,Q1,2,February,2026-02,25,Wednesday,False
2026-02-26,2026,Q1,2,February,2026-02,26,Thursday,False
2026-02-27,2026,Q1,2,February,2026-02,27,Friday,False
2026-02-28,2026,Q1,2,February,2026-02,28,Saturday,True
2026-03-01,2026,Q1,3,March,2026-03,1,Sunday,True
2026-03-02,2026,Q1,3,March,2026-03,2,Monday,False
2026-03-03,2026,Q1,3,March,2026-03,3,Tuesday,False
2026-03-04,2026,Q1,3,March,2026-03,4,Wednesday,False
2026-03-05,2026,Q1,3,March,2026-03,5,Thursday,False
2026-03-06,2026,Q1,3,March,2026-03,6,Friday,False
2026-03-07,2026,Q1,3,March,2026-03,7,Saturday,True
2026-03-08,2026,Q1,3,March,2026-03,8,Sunday,True
2026-03-09,2026,Q1,3,March,2026-03,9,Monday,False
2026-03-10,2026,Q1,3,March,2026-03,10,Tuesday,False
2026-03-11,2026,Q1,3,March,2026-03,11,Wednesday,False
2026-03-12,2026,Q1,3,March,2026-03,12,Thursday,False
2026-03-13,2026,Q1,3,March,2026-03,13,Friday,False
2026-03-14,2026,Q1,3,March,2026-03,14,Saturday,True
2026-03-15,2026,Q1,3,March,2026-03,15,Sunday,True
2026-03-16,2026,Q1,3,March,2026-03,16,Monday,False
2026-03-17,2026,Q1,3,March,2026-03,17,Tuesday,False
2026-03-18,2026,Q1,3,March,2026-03,18,Wednesday,False
2026-03-19,2026,Q1,3,March,2026-03,19,Thursday,False
2026-03-20,2026,Q1,3,March,2026-03,20,Friday,False
2026-03-21,2026,Q1,3,March,2026-03,21,Saturday,True
2026-03-22,2026,Q1,3,March,2026-03,22,Sunday,True
2026-03-23,2026,Q1,3,March,2026-03,23,Monday,False
2026-03-24,2026,Q1,3,March,2026-03,24,Tuesday,False
2026-03-25,2026,Q1,3,March,2026-03,25,Wednesday,False
2026-03-26,2026,Q1,3,March,2026-03,26,Thursday,False
2026-03-27,2026,Q1,3,March,2026-03,27,Friday,False
2026-03-28,2026,Q1,3,March,2026-03,28,Saturday,True
2026-03-29,2026,Q1,3,March,2026-03,29,Sunday,True
2026-03-30,2026,Q1,3,March,2026-03,30,Monday,False
2026-03-31,2026,Q1,3,March,2026-03,31,Tuesday,False
2026-04-01,2026,Q2,4,April,2026-04,1,Wednesday,False
2026-04-02,2026,Q2,4,April,2026-04,2,Thursday,False
2026-04-03,2026,Q2,4,April,2026-04,3,Friday,False
2026-04-04,2026,Q2,4,April,2026-04,4,Saturday,True
2026-04-05,2026,Q2,4,April,2026-04,5,Sunday,True
2026-04-06,2026,Q2,4,April,2026-04,6,Monday,False
2026-04-07,2026,Q2,4,April,2026-04,7,Tuesday,False
2026-04-08,2026,Q2,4,April,2026-04,8,Wednesday,False
2026-04-09,2026,Q2,4,April,2026-04,9,Thursday,False
2026-04-10,2026,Q2,4,April,2026-04,10,Friday,False
2026-04-11,2026,Q2,4,April,2026-04,11,Saturday,True
2026-04-12,2026,Q2,4,April,2026-04,12,Sunday,True
2026-04-13,2026,Q2,4,April,2026-04,13,Monday,False
2026-04-14,2026,Q2,4,April,2026-04,14,Tuesday,False
2026-04-15,2026,Q2,4,April,2026-04,15,Wednesday,False
2026-04-16,2026,Q2,4,April,2026-04,16,Thursday,False
2026-04-17,2026,Q2,4,April,2026-04,17,Friday,False
2026-04-18,2026,Q2,4,April,2026-04,18,Saturday,True
2026-04-19,2026,Q2,4,April,2026-04,19,Sunday,True
2026-04-20,2026,Q2,4,April,2026-04,20,Monday,False
2026-04-21,2026,Q2,4,April,2026-04,21,Tuesday,False
2026-04-22,2026,Q2,4,April,2026-04,22,Wednesday,False
2026-04-23,2026,Q2,4,April,2026-04,23,Thursday,False
2026-04-24,2026,Q2,4,April,2026-04,24,Friday,False
2026-04-25,2026,Q2,4,April,2026-04,25,Saturday,True
2026-04-26,2026,Q2,4,April,2026-04,26,Sunday,True
2026-04-27,2026,Q2,4,April,2026-04,27,Monday,False
2026-04-28,2026,Q2,4,April,2026-04,28,Tuesday,False
2026-04-29,2026,Q2,4,April,2026-04,29,Wednesday,False
2026-04-30,2026,Q2,4,April,2026-04,30,Thursday,False
2026-05-01,2026,Q2,5,May,2026-05,1,Friday,False
2026-05-02,2026,Q2,5,May,2026-05,2,Saturday,True
2026-05-03,2026,Q2,5,May,2026-05,3,Sunday,True
2026-05-04,2026,Q2,5,May,2026-05,4,Monday,False
2026-05-05,2026,Q2,5,May,2026-05,5,Tuesday,False
2026-05-06,2026,Q2,5,May,2026-05,6,Wednesday,False
2026-05-07,2026,Q2,5,May,2026-05,7,Thursday,False
2026-05-08,2026,Q2,5,May,2026-05,8,Friday,False
2026-05-09,2026,Q2,5,May,2026-05,9,Saturday,True
2026-05-10,2026,Q2,5,May,2026-05,10,Sunday,True
2026-05-11,2026,Q2,5,May,2026-05,11,Monday,False
2026-05-12,2026,Q2,5,May,2026-05,12,Tuesday,False
2026-05-13,2026,Q2,5,May,2026-05,13,Wednesday,False
2026-05-14,2026,Q2,5,May,2026-05,14,Thursday,False
2026-05-15,2026,Q2,5,May,2026-05,15,Friday,False
2026-05-16,2026,Q2,5,May,2026-05,16,Saturday,True
2026-05-17,2026,Q2,5,May,2026-05,17,Sunday,True
2026-05-18,2026,Q2,5,May,2026-05,18,Monday,False
2026-05-19,2026,Q2,5,May,2026-05,19,Tuesday,False
2026-05-20,2026,Q2,5,May,2026-05,20,Wednesday,False
2026-05-21,2026,Q2,5,May,2026-05,21,Thursday,False
2026-05-22,2026,Q2,5,May,2026-05,22,Friday,False
2026-05-23,2026,Q2,5,May,2026-05,23,Saturday,True
2026-05-24,2026,Q2,5,May,2026-05,24,Sunday,True
2026-05-25,2026,Q2,5,May,2026-05,25,Monday,False
2026-05-26,2026,Q2,5,May,2026-05,26,Tuesday,False
2026-05-27,2026,Q2,5,May,2026-05,27,Wednesday,False
2026-05-28,2026,Q2,5,May,2026-05,28,Thursday,False
2026-05-29,2026,Q2,5,May,2026-05,29,Friday,False
2026-05-30,2026,Q2,5,May,2026-05,30,Saturday,True
2026-05-31,2026,Q2,5,May,2026-05,31,Sunday,True
2026-06-01,2026,Q2,6,June,2026-06,1,Monday,False
2026-06-02,2026,Q2,6,June,2026-06,2,Tuesday,False
2026-06-03,2026,Q2,6,June,2026-06,3,Wednesday,False
2026-06-04,2026,Q2,6,June,2026-06,4,Thursday,False
2026-06-05,2026,Q2,6,June,2026-06,5,Friday,False
2026-06-06,2026,Q2,6,June,2026-06,6,Saturday,True
2026-06-07,2026,Q2,6,June,2026-06,7,Sunday,True
2026-06-08,2026,Q2,6,June,2026-06,8,Monday,False
2026-06-09,2026,Q2,6,June,2026-06,9,Tuesday,False
2026-06-10,2026,Q2,6,June,2026-06,10,Wednesday,False
2026-06-11,2026,Q2,6,June,2026-06,11,Thursday,False
2026-06-12,2026,Q2,6,June,2026-06,12,Friday,False
2026-06-13,2026,Q2,6,June,2026-06,13,Saturday,True
2026-06-14,2026,Q2,6,June,2026-06,14,Sunday,True
2026-06-15,2026,Q2,6,June,2026-06,15,Monday,False
2026-06-16,2026,Q2,6,June,2026-06,16,Tuesday,False
2026-06-17,2026,Q2,6,June,2026-06,17,Wednesday,False
2026-06-18,2026,Q2,6,June,2026-06,18,Thursday,False
2026-06-19,2026,Q2,6,June,2026-06,19,Friday,False
2026-06-20,2026,Q2,6,June,2026-06,20,Saturday,True
2026-06-21,2026,Q2,6,June,2026-06,21,Sunday,True
2026-06-22,2026,Q2,6,June,2026-06,22,Monday,False
2026-06-23,2026,Q2,6,June,2026-06,23,Tuesday,False
2026-06-24,2026,Q2,6,June,2026-06,24,Wednesday,False
2026-06-25,2026,Q2,6,June,2026-06,25,Thursday,False
2026-06-26,2026,Q2,6,June,2026-06,26,Friday,False
2026-06-27,2026,Q2,6,June,2026-06,27,Saturday,True
2026-06-28,2026,Q2,6,June,2026-06,28,Sunday,True
2026-06-29,2026,Q2,6,June,2026-06,29,Monday,False
2026-06-30,2026,Q2,6,June,2026-06,30,Tuesday,False
2026-07-01,2026,Q3,7,July,2026-07,1,Wednesday,False
2026-07-02,2026,Q3,7,July,2026-07,2,Thursday,False
2026-07-03,2026,Q3,7,July,2026-07,3,Friday,False
2026-07-04,2026,Q3,7,July,2026-07,4,Saturday,True
2026-07-05,2026,Q3,7,July,2026-07,5,Sunday,True
2026-07-06,2026,Q3,7,July,2026-07,6,Monday,False
2026-07-07,2026,Q3,7,July,2026-07,7,Tuesday,False
2026-07-08,2026,Q3,7,July,2026-07,8,Wednesday,False
2026-07-09,2026,Q3,7,July,2026-07,9,Thursday,False
2026-07-10,2026,Q3,7,July,2026-07,10,Friday,False
2026-07-11,2026,Q3,7,July,2026-07,11,Saturday,True
2026-07-12,2026,Q3,7,July,2026-07,12,Sunday,True
2026-07-13,2026,Q3,7,July,2026-07,13,Monday,False
2026-07-14,2026,Q3,7,July,2026-07,14,Tuesday,False
2026-07-15,2026,Q3,7,July,2026-07,15,Wednesday,False
2026-07-16,2026,Q3,7,July,2026-07,16,Thursday,False
2026-07-17,2026,Q3,7,July,2026-07,17,Friday,False
2026-07-18,2026,Q3,7,July,2026-07,18,Saturday,True
2026-07-19,2026,Q3,7,July,2026-07,19,Sunday,True
2026-07-20,2026,Q3,7,July,2026-07,20,Monday,False
2026-07-21,2026,Q3,7,July,2026-07,21,Tuesday,False
2026-07-22,2026,Q3,7,July,2026-07,22,Wednesday,False
2026-07-23,2026,Q3,7,July,2026-07,23,Thursday,False
2026-07-24,2026,Q3,7,July,2026-07,24,Friday,False
2026-07-25,2026,Q3,7,July,2026-07,25,Saturday,True
2026-07-26,2026,Q3,7,July,2026-07,26,Sunday,True
2026-07-27,2026,Q3,7,July,2026-07,27,Monday,False
2026-07-28,2026,Q3,7,July,2026-07,28,Tuesday,False
2026-07-29,2026,Q3,7,July,2026-07,29,Wednesday,False
2026-07-30,2026,Q3,7,July,2026-07,30,Thursday,False
2026-07-31,2026,Q3,7,July,2026-07,31,Friday,False
2026-08-01,2026,Q3,8,August,2026-08,1,Saturday,True
2026-08-02,2026,Q3,8,August,2026-08,2,Sunday,True
2026-08-03,2026,Q3,8,August,2026-08,3,Monday,False
2026-08-04,2026,Q3,8,August,2026-08,4,Tuesday,False
2026-08-05,2026,Q3,8,August,2026-08,5,Wednesday,False
2026-08-06,2026,Q3,8,August,2026-08,6,Thursday,False
2026-08-07,2026,Q3,8,August,2026-08,7,Friday,False
2026-08-08,2026,Q3,8,August,2026-08,8,Saturday,True
2026-08-09,2026,Q3,8,August,2026-08,9,Sunday,True
2026-08-10,2026,Q3,8,August,2026-08,10,Monday,False
2026-08-11,2026,Q3,8,August,2026-08,11,Tuesday,False
2026-08-12,2026,Q3,8,August,2026-08,12,Wednesday,False
2026-08-13,2026,Q3,8,August,2026-08,13,Thursday,False
2026-08-14,2026,Q3,8,August,2026-08,14,Friday,False
2026-08-15,2026,Q3,8,August,2026-08,15,Saturday,True
2026-08-16,2026,Q3,8,August,2026-08,16,Sunday,True
2026-08-17,2026,Q3,8,August,2026-08,17,Monday,False
2026-08-18,2026,Q3,8,August,2026-08,18,Tuesday,False
2026-08-19,2026,Q3,8,August,2026-08,19,Wednesday,False
2026-08-20,2026,Q3,8,August,2026-08,20,Thursday,False
2026-08-21,2026,Q3,8,August,2026-08,21,Friday,False
2026-08-22,2026,Q3,8,August,2026-08,22,Saturday,True
2026-08-23,2026,Q3,8,August,2026-08,23,Sunday,True
2026-08-24,2026,Q3,8,August,2026-08,24,Monday,False
2026-08-25,2026,Q3,8,August,2026-08,25,Tuesday,False
2026-08-26,2026,Q3,8,August,2026-08,26,Wednesday,False
2026-08-27,2026,Q3,8,August,2026-08,27,Thursday,False
2026-08-28,2026,Q3,8,August,2026-08,28,Friday,False
2026-08-29,2026,Q3,8,August,2026-08,29,Saturday,True
2026-08-30,2026,Q3,8,August,2026-08,30,Sunday,True
2026-08-31,2026,Q3,8,August,2026-08,31,Monday,False
