share_id,expense_id,person_id,expense_date,category_id,share_amount_dkk,is_payer
1,1,1,2025-09-01,1,2100.00,False
2,1,2,2025-09-01,1,2100.00,False
3,1,3,2025-09-01,1,2100.00,True
4,1,4,2025-09-01,1,2100.00,False
5,2,1,2025-09-01,2,168.38,True
6,2,2,2025-09-01,2,168.39,False
7,2,3,2025-09-01,2,168.39,False
8,2,4,2025-09-01,2,168.39,False
9,3,1,2025-09-01,3,85.06,False
10,3,2,2025-09-01,3,85.05,False
11,3,3,2025-09-01,3,85.05,True
12,3,4,2025-09-01,3,85.05,False
13,4,1,2025-09-01,4,163.28,False
14,4,2,2025-09-01,4,163.30,True
15,4,3,2025-09-01,4,163.30,False
16,4,4,2025-09-01,4,163.30,False
17,5,1,2025-09-01,7,111.37,True
18,5,2,2025-09-01,7,111.37,False
19,5,3,2025-09-01,7,111.37,False
20,5,4,2025-09-01,7,111.37,False
21,6,2,2025-09-02,6,225.15,False
22,6,3,2025-09-02,6,225.14,False
23,6,1,2025-09-02,6,225.14,False
24,7,1,2025-09-03,4,152.08,True
25,7,2,2025-09-03,4,152.09,False
26,7,3,2025-09-03,4,152.09,False
27,7,4,2025-09-03,4,152.09,False
28,8,1,2025-09-03,5,42.83,False
29,8,2,2025-09-03,5,42.85,True
30,8,3,2025-09-03,5,42.85,False
31,8,4,2025-09-03,5,42.85,False
32,9,1,2025-09-03,7,117.41,True
33,9,2,2025-09-03,7,117.43,False
34,9,3,2025-09-03,7,117.43,False
35,9,4,2025-09-03,7,117.43,False
36,10,1,2025-09-05,4,85.56,False
37,10,2,2025-09-05,4,85.56,False
38,10,3,2025-09-05,4,85.56,True
39,10,4,2025-09-05,4,85.56,False
40,11,1,2025-09-05,7,41.17,False
41,11,2,2025-09-05,7,41.17,True
42,11,3,2025-09-05,7,41.17,False
43,11,4,2025-09-05,7,41.17,False
44,12,1,2025-09-07,5,42.64,False
45,12,2,2025-09-07,5,42.64,False
46,12,3,2025-09-07,5,42.64,True
47,12,4,2025-09-07,5,42.64,False
48,13,1,2025-09-08,8,119.85,False
49,13,2,2025-09-08,8,119.84,True
50,13,3,2025-09-08,8,119.84,False
51,13,4,2025-09-08,8,119.84,False
52,14,1,2025-09-09,6,120.36,False
53,14,3,2025-09-09,6,120.35,False
54,14,4,2025-09-09,6,120.35,True
55,15,1,2025-09-12,6,114.77,False
56,15,2,2025-09-12,6,114.77,False
57,15,3,2025-09-12,6,114.77,True
58,15,4,2025-09-12,6,114.77,False
59,16,1,2025-09-13,4,191.95,False
60,16,2,2025-09-13,4,191.95,False
61,16,3,2025-09-13,4,191.95,True
62,16,4,2025-09-13,4,191.95,False
63,17,1,2025-09-14,4,33.69,False
64,17,2,2025-09-14,4,33.69,True
65,17,3,2025-09-14,4,33.69,False
66,17,4,2025-09-14,4,33.69,False
67,18,1,2025-09-15,4,31.22,True
68,18,2,2025-09-15,4,31.23,False
69,18,3,2025-09-15,4,31.23,False
70,18,4,2025-09-15,4,31.23,False
71,19,1,2025-09-17,7,44.44,False
72,19,2,2025-09-17,7,44.43,True
73,19,3,2025-09-17,7,44.43,False
74,19,4,2025-09-17,7,44.43,False
75,20,1,2025-09-19,4,83.63,False
76,20,2,2025-09-19,4,83.62,True
77,20,3,2025-09-19,4,83.62,False
78,20,4,2025-09-19,4,83.62,False
79,21,1,2025-09-20,4,123.44,True
80,21,2,2025-09-20,4,123.44,False
81,21,3,2025-09-20,4,123.44,False
82,21,4,2025-09-20,4,123.44,False
83,22,1,2025-09-20,5,52.83,False
84,22,2,2025-09-20,5,52.83,False
85,22,3,2025-09-20,5,52.83,False
86,22,4,2025-09-20,5,52.83,True
87,23,1,2025-09-23,4,151.05,False
88,23,2,2025-09-23,4,151.05,False
89,23,3,2025-09-23,4,151.05,True
90,23,4,2025-09-23,4,151.05,False
91,24,1,2025-09-25,4,52.00,False
92,24,2,2025-09-25,4,51.99,False
93,24,3,2025-09-25,4,51.99,False
94,24,4,2025-09-25,4,51.99,True
95,25,1,2025-09-26,5,15.16,False
96,25,2,2025-09-26,5,15.15,True
97,25,3,2025-09-26,5,15.15,False
98,25,4,2025-09-26,5,15.15,False
99,26,1,2025-09-27,4,158.93,False
100,26,2,2025-09-27,4,158.94,False
101,26,3,2025-09-27,4,158.94,False
102,26,4,2025-09-27,4,158.94,True
103,27,1,2025-09-27,7,33.25,True
104,27,2,2025-09-27,7,33.27,False
105,27,3,2025-09-27,7,33.27,False
106,27,4,2025-09-27,7,33.27,False
107,28,1,2025-09-29,4,153.48,False
108,28,2,2025-09-29,4,153.47,True
109,28,3,2025-09-29,4,153.47,False
110,28,4,2025-09-29,4,153.47,False
111,29,1,2025-09-29,8,442.16,True
112,29,2,2025-09-29,8,442.18,False
113,29,3,2025-09-29,8,442.18,False
114,29,4,2025-09-29,8,442.18,False
115,30,1,2025-09-30,4,40.12,False
116,30,2,2025-09-30,4,40.13,True
117,30,3,2025-09-30,4,40.13,False
118,30,4,2025-09-30,4,40.13,False
119,31,1,2025-09-30,6,32.73,False
120,31,2,2025-09-30,6,32.72,False
121,31,3,2025-09-30,6,32.72,True
122,31,4,2025-09-30,6,32.72,False
123,32,1,2025-10-01,1,2100.00,True
124,32,2,2025-10-01,1,2100.00,False
125,32,3,2025-10-01,1,2100.00,False
126,32,4,2025-10-01,1,2100.00,False
127,33,1,2025-10-01,2,269.99,False
128,33,2,2025-10-01,2,270.01,False
129,33,3,2025-10-01,2,270.01,True
130,33,4,2025-10-01,2,270.01,False
131,34,1,2025-10-01,3,78.97,False
132,34,2,2025-10-01,3,78.97,False
133,34,3,2025-10-01,3,78.97,True
134,34,4,2025-10-01,3,78.97,False
135,35,1,2025-10-02,4,135.08,False
136,35,2,2025-10-02,4,135.10,False
137,35,3,2025-10-02,4,135.10,False
138,35,4,2025-10-02,4,135.10,True
139,36,1,2025-10-04,4,55.98,False
140,36,2,2025-10-04,4,55.97,True
141,36,3,2025-10-04,4,55.97,False
142,36,4,2025-10-04,4,55.97,False
143,37,1,2025-10-05,4,81.00,True
144,37,2,2025-10-05,4,81.01,False
145,37,3,2025-10-05,4,81.01,False
146,37,4,2025-10-05,4,81.01,False
147,38,1,2025-10-06,5,55.82,False
148,38,2,2025-10-06,5,55.83,False
149,38,3,2025-10-06,5,55.83,True
150,38,4,2025-10-06,5,55.83,False
151,39,1,2025-10-06,7,85.50,False
152,39,2,2025-10-06,7,85.50,False
153,39,3,2025-10-06,7,85.50,False
154,39,4,2025-10-06,7,85.50,True
155,40,1,2025-10-08,4,66.89,False
156,40,2,2025-10-08,4,66.91,False
157,40,3,2025-10-08,4,66.91,False
158,40,4,2025-10-08,4,66.91,True
159,41,1,2025-10-12,4,37.70,False
160,41,2,2025-10-12,4,37.69,False
161,41,3,2025-10-12,4,37.69,False
162,41,4,2025-10-12,4,37.69,True
163,42,1,2025-10-13,4,103.87,False
164,42,2,2025-10-13,4,103.87,False
165,42,3,2025-10-13,4,103.87,False
166,42,4,2025-10-13,4,103.87,True
167,43,1,2025-10-14,4,71.83,False
168,43,2,2025-10-14,4,71.85,True
169,43,3,2025-10-14,4,71.85,False
170,43,4,2025-10-14,4,71.85,False
171,44,1,2025-10-17,5,46.24,True
172,44,2,2025-10-17,5,46.26,False
173,44,3,2025-10-17,5,46.26,False
174,44,4,2025-10-17,5,46.26,False
175,45,1,2025-10-18,4,37.21,False
176,45,2,2025-10-18,4,37.21,False
177,45,3,2025-10-18,4,37.21,True
178,45,4,2025-10-18,4,37.21,False
179,46,1,2025-10-18,5,51.77,False
180,46,2,2025-10-18,5,51.78,False
181,46,3,2025-10-18,5,51.78,False
182,46,4,2025-10-18,5,51.78,True
183,47,1,2025-10-25,4,162.51,False
184,47,2,2025-10-25,4,162.50,False
185,47,3,2025-10-25,4,162.50,True
186,47,4,2025-10-25,4,162.50,False
187,48,1,2025-10-25,6,161.05,False
188,48,2,2025-10-25,6,161.05,True
189,48,3,2025-10-25,6,161.05,False
190,48,4,2025-10-25,6,161.05,False
191,49,1,2025-10-25,7,26.60,False
192,49,2,2025-10-25,7,26.61,False
193,49,3,2025-10-25,7,26.61,False
194,49,4,2025-10-25,7,26.61,True
195,50,1,2025-10-29,4,43.42,False
196,50,2,2025-10-29,4,43.41,False
197,50,3,2025-10-29,4,43.41,False
198,50,4,2025-10-29,4,43.41,True
199,51,1,2025-10-29,6,167.41,False
200,51,2,2025-10-29,6,167.41,False
201,51,3,2025-10-29,6,167.41,False
202,51,4,2025-10-29,6,167.41,True
203,52,1,2025-10-30,8,425.00,False
204,52,2,2025-10-30,8,425.00,False
205,52,3,2025-10-30,8,425.00,True
206,52,4,2025-10-30,8,425.00,False
207,53,1,2025-11-01,1,2100.00,False
208,53,2,2025-11-01,1,2100.00,False
209,53,3,2025-11-01,1,2100.00,True
210,53,4,2025-11-01,1,2100.00,False
211,54,1,2025-11-01,2,229.50,False
212,54,2,2025-11-01,2,229.49,True
213,54,3,2025-11-01,2,229.49,False
214,54,4,2025-11-01,2,229.49,False
215,55,1,2025-11-01,3,83.01,False
216,55,2,2025-11-01,3,83.03,True
217,55,3,2025-11-01,3,83.03,False
218,55,4,2025-11-01,3,83.03,False
219,56,1,2025-11-01,4,32.55,True
220,56,2,2025-11-01,4,32.55,False
221,56,3,2025-11-01,4,32.55,False
222,56,4,2025-11-01,4,32.55,False
223,57,1,2025-11-01,6,313.94,False
224,57,4,2025-11-01,6,313.95,False
225,58,1,2025-11-05,4,121.63,False
226,58,2,2025-11-05,4,121.62,False
227,58,3,2025-11-05,4,121.62,False
228,58,4,2025-11-05,4,121.62,True
229,59,1,2025-11-05,6,80.91,False
230,59,2,2025-11-05,6,80.93,False
231,59,3,2025-11-05,6,80.93,True
232,59,4,2025-11-05,6,80.93,False
233,60,1,2025-11-09,4,133.35,False
234,60,2,2025-11-09,4,133.37,False
235,60,3,2025-11-09,4,133.37,False
236,60,4,2025-11-09,4,133.37,True
237,61,1,2025-11-10,4,97.35,False
238,61,2,2025-11-10,4,97.35,False
239,61,3,2025-11-10,4,97.35,True
240,61,4,2025-11-10,4,97.35,False
241,62,1,2025-11-11,5,44.69,False
242,62,2,2025-11-11,5,44.71,True
243,62,3,2025-11-11,5,44.71,False
244,62,4,2025-11-11,5,44.71,False
245,63,1,2025-11-12,4,42.72,False
246,63,2,2025-11-12,4,42.74,False
247,63,3,2025-11-12,4,42.74,True
248,63,4,2025-11-12,4,42.74,False
249,64,1,2025-11-14,4,132.12,False
250,64,2,2025-11-14,4,132.13,False
251,64,3,2025-11-14,4,132.13,False
252,64,4,2025-11-14,4,132.13,True
253,65,2,2025-11-14,6,286.19,False
254,65,4,2025-11-14,6,286.19,True
255,66,1,2025-11-15,4,61.89,False
256,66,2,2025-11-15,4,61.89,True
257,66,3,2025-11-15,4,61.89,False
258,66,4,2025-11-15,4,61.89,False
259,67,1,2025-11-15,5,59.78,True
260,67,2,2025-11-15,5,59.80,False
261,67,3,2025-11-15,5,59.80,False
262,67,4,2025-11-15,5,59.80,False
263,68,1,2025-11-17,4,148.75,True
264,68,2,2025-11-17,4,148.76,False
265,68,3,2025-11-17,4,148.76,False
266,68,4,2025-11-17,4,148.76,False
267,69,1,2025-11-19,4,109.06,False
268,69,2,2025-11-19,4,109.06,True
269,69,3,2025-11-19,4,109.06,False
270,69,4,2025-11-19,4,109.06,False
271,70,1,2025-11-22,4,111.09,False
272,70,2,2025-11-22,4,111.08,False
273,70,3,2025-11-22,4,111.08,False
274,70,4,2025-11-22,4,111.08,True
275,71,1,2025-11-26,5,42.38,False
276,71,2,2025-11-26,5,42.37,False
277,71,3,2025-11-26,5,42.37,True
278,71,4,2025-11-26,5,42.37,False
279,72,4,2025-11-27,6,51.78,False
280,72,2,2025-11-27,6,51.78,True
281,72,1,2025-11-27,6,51.78,False
282,73,2,2025-11-27,7,202.51,True
283,73,3,2025-11-27,7,202.51,False
284,74,1,2025-11-28,5,77.35,False
285,74,2,2025-11-28,5,77.36,True
286,74,3,2025-11-28,5,77.36,False
287,74,4,2025-11-28,5,77.36,False
288,75,1,2025-11-28,6,141.31,True
289,75,2,2025-11-28,6,141.33,False
290,75,3,2025-11-28,6,141.33,False
291,75,4,2025-11-28,6,141.33,False
292,76,1,2025-11-29,4,153.86,False
293,76,2,2025-11-29,4,153.85,True
294,76,3,2025-11-29,4,153.85,False
295,76,4,2025-11-29,4,153.85,False
296,77,1,2025-11-29,5,22.56,True
297,77,2,2025-11-29,5,22.56,False
298,77,3,2025-11-29,5,22.56,False
299,77,4,2025-11-29,5,22.56,False
300,78,1,2025-11-30,5,75.61,True
301,78,2,2025-11-30,5,75.60,False
302,78,3,2025-11-30,5,75.60,False
303,78,4,2025-11-30,5,75.60,False
304,79,1,2025-12-01,1,2100.00,False
305,79,2,2025-12-01,1,2100.00,False
306,79,3,2025-12-01,1,2100.00,True
307,79,4,2025-12-01,1,2100.00,False
308,80,1,2025-12-01,2,586.09,False
309,80,2,2025-12-01,2,586.10,False
310,80,3,2025-12-01,2,586.10,True
311,80,4,2025-12-01,2,586.10,False
312,81,1,2025-12-01,3,86.11,False
313,81,2,2025-12-01,3,86.11,True
314,81,3,2025-12-01,3,86.11,False
315,81,4,2025-12-01,3,86.11,False
316,82,1,2025-12-01,4,74.70,True
317,82,2,2025-12-01,4,74.71,False
318,82,3,2025-12-01,4,74.71,False
319,82,4,2025-12-01,4,74.71,False
320,83,1,2025-12-03,4,174.67,True
321,83,2,2025-12-03,4,174.68,False
322,83,3,2025-12-03,4,174.68,False
323,83,4,2025-12-03,4,174.68,False
324,84,1,2025-12-04,4,75.14,True
325,84,2,2025-12-04,4,75.16,False
326,84,3,2025-12-04,4,75.16,False
327,84,4,2025-12-04,4,75.16,False
328,85,1,2025-12-06,6,192.54,True
329,85,2,2025-12-06,6,192.55,False
330,85,3,2025-12-06,6,192.55,False
331,85,4,2025-12-06,6,192.55,False
332,86,1,2025-12-08,6,202.85,False
333,86,2,2025-12-08,6,202.84,False
334,86,3,2025-12-08,6,202.84,True
335,86,4,2025-12-08,6,202.84,False
336,87,1,2025-12-09,4,54.56,False
337,87,2,2025-12-09,4,54.55,False
338,87,3,2025-12-09,4,54.55,False
339,87,4,2025-12-09,4,54.55,True
340,88,1,2025-12-12,5,43.74,True
341,88,2,2025-12-12,5,43.75,False
342,88,3,2025-12-12,5,43.75,False
343,88,4,2025-12-12,5,43.75,False
344,89,1,2025-12-13,4,172.60,False
345,89,2,2025-12-13,4,172.61,False
346,89,3,2025-12-13,4,172.61,True
347,89,4,2025-12-13,4,172.61,False
348,90,1,2025-12-13,5,49.39,True
349,90,2,2025-12-13,5,49.38,False
350,90,3,2025-12-13,5,49.38,False
351,90,4,2025-12-13,5,49.38,False
352,91,1,2025-12-14,4,190.08,False
353,91,2,2025-12-14,4,190.09,True
354,91,3,2025-12-14,4,190.09,False
355,91,4,2025-12-14,4,190.09,False
356,92,1,2025-12-19,4,57.99,False
357,92,2,2025-12-19,4,57.99,False
358,92,3,2025-12-19,4,57.99,False
359,92,4,2025-12-19,4,57.99,True
360,93,1,2025-12-19,6,74.17,False
361,93,3,2025-12-19,6,74.18,False
362,93,2,2025-12-19,6,74.18,False
363,93,4,2025-12-19,6,74.18,True
364,94,1,2025-12-20,4,186.21,False
365,94,2,2025-12-20,4,186.20,False
366,94,3,2025-12-20,4,186.20,False
367,94,4,2025-12-20,4,186.20,True
368,95,1,2025-12-23,4,29.01,False
369,95,2,2025-12-23,4,29.03,False
370,95,3,2025-12-23,4,29.03,True
371,95,4,2025-12-23,4,29.03,False
372,96,1,2025-12-26,4,98.56,False
373,96,2,2025-12-26,4,98.55,False
374,96,3,2025-12-26,4,98.55,True
375,96,4,2025-12-26,4,98.55,False
376,97,1,2025-12-27,7,52.57,True
377,97,2,2025-12-27,7,52.59,False
378,97,3,2025-12-27,7,52.59,False
379,97,4,2025-12-27,7,52.59,False
380,98,1,2025-12-28,4,170.08,True
381,98,2,2025-12-28,4,170.08,False
382,98,3,2025-12-28,4,170.08,False
383,98,4,2025-12-28,4,170.08,False
384,99,1,2025-12-29,4,204.65,False
385,99,2,2025-12-29,4,204.66,False
386,99,3,2025-12-29,4,204.66,False
387,99,4,2025-12-29,4,204.66,True
388,100,1,2026-01-01,1,2100.00,True
389,100,2,2026-01-01,1,2100.00,False
390,100,3,2026-01-01,1,2100.00,False
391,100,4,2026-01-01,1,2100.00,False
392,101,1,2026-01-01,2,678.97,False
393,101,2,2026-01-01,2,678.96,False
394,101,3,2026-01-01,2,678.96,False
395,101,4,2026-01-01,2,678.96,True
396,102,1,2026-01-01,3,84.68,True
397,102,2,2026-01-01,3,84.69,False
398,102,3,2026-01-01,3,84.69,False
399,102,4,2026-01-01,3,84.69,False
400,103,1,2026-01-01,6,63.12,True
401,103,2,2026-01-01,6,63.11,False
402,103,3,2026-01-01,6,63.11,False
403,103,4,2026-01-01,6,63.11,False
404,104,1,2026-01-02,4,43.07,True
405,104,2,2026-01-02,4,43.08,False
406,104,3,2026-01-02,4,43.08,False
407,104,4,2026-01-02,4,43.08,False
408,105,1,2026-01-02,5,50.63,True
409,105,2,2026-01-02,5,50.62,False
410,105,3,2026-01-02,5,50.62,False
411,105,4,2026-01-02,5,50.62,False
412,106,1,2026-01-03,4,149.88,False
413,106,2,2026-01-03,4,149.89,False
414,106,3,2026-01-03,4,149.89,False
415,106,4,2026-01-03,4,149.89,True
416,107,1,2026-01-03,5,70.06,False
417,107,2,2026-01-03,5,70.08,False
418,107,3,2026-01-03,5,70.08,True
419,107,4,2026-01-03,5,70.08,False
420,108,1,2026-01-05,6,48.52,False
421,108,2,2026-01-05,6,48.52,False
422,108,3,2026-01-05,6,48.52,True
423,108,4,2026-01-05,6,48.52,False
424,109,1,2026-01-06,5,53.26,False
425,109,2,2026-01-06,5,53.25,False
426,109,3,2026-01-06,5,53.25,True
427,109,4,2026-01-06,5,53.25,False
428,110,1,2026-01-07,4,180.41,False
429,110,2,2026-01-07,4,180.40,False
430,110,3,2026-01-07,4,180.40,False
431,110,4,2026-01-07,4,180.40,True
432,111,1,2026-01-10,4,131.01,False
433,111,2,2026-01-10,4,131.01,False
434,111,3,2026-01-10,4,131.01,True
435,111,4,2026-01-10,4,131.01,False
436,112,1,2026-01-11,4,24.64,False
437,112,2,2026-01-11,4,24.66,False
438,112,3,2026-01-11,4,24.66,True
439,112,4,2026-01-11,4,24.66,False
440,113,1,2026-01-13,4,49.10,True
441,113,2,2026-01-13,4,49.10,False
442,113,3,2026-01-13,4,49.10,False
443,113,4,2026-01-13,4,49.10,False
444,114,1,2026-01-13,5,17.12,False
445,114,2,2026-01-13,5,17.12,False
446,114,3,2026-01-13,5,17.12,True
447,114,4,2026-01-13,5,17.12,False
448,115,1,2026-01-13,6,49.77,False
449,115,2,2026-01-13,6,49.78,False
450,115,3,2026-01-13,6,49.78,True
451,115,4,2026-01-13,6,49.78,False
452,116,2,2026-01-15,7,28.95,False
453,116,4,2026-01-15,7,28.94,False
454,116,1,2026-01-15,7,28.94,True
455,116,3,2026-01-15,7,28.94,False
456,116,5,2026-01-15,7,28.94,False
457,117,1,2026-01-16,4,87.45,False
458,117,2,2026-01-16,4,87.43,False
459,117,3,2026-01-16,4,87.43,False
460,117,4,2026-01-16,4,87.43,True
461,117,5,2026-01-16,4,87.43,False
462,118,1,2026-01-17,4,45.78,False
463,118,2,2026-01-17,4,45.77,False
464,118,3,2026-01-17,4,45.77,True
465,118,4,2026-01-17,4,45.77,False
466,118,5,2026-01-17,4,45.77,False
467,119,4,2026-01-17,6,33.18,True
468,119,3,2026-01-17,6,33.18,False
469,119,2,2026-01-17,6,33.18,False
470,119,5,2026-01-17,6,33.18,False
471,120,1,2026-01-17,7,47.16,False
472,120,2,2026-01-17,7,47.14,False
473,120,3,2026-01-17,7,47.14,False
474,120,4,2026-01-17,7,47.14,True
475,120,5,2026-01-17,7,47.14,False
476,121,1,2026-01-19,5,38.71,True
477,121,2,2026-01-19,5,38.73,False
478,121,3,2026-01-19,5,38.73,False
479,121,4,2026-01-19,5,38.73,False
480,121,5,2026-01-19,5,38.73,False
481,122,1,2026-01-21,7,33.57,False
482,122,2,2026-01-21,7,33.59,False
483,122,3,2026-01-21,7,33.59,False
484,122,4,2026-01-21,7,33.59,False
485,122,5,2026-01-21,7,33.59,True
486,123,1,2026-01-23,4,77.96,False
487,123,2,2026-01-23,4,77.98,False
488,123,3,2026-01-23,4,77.98,True
489,123,4,2026-01-23,4,77.98,False
490,123,5,2026-01-23,4,77.98,False
491,124,1,2026-01-24,4,155.25,True
492,124,2,2026-01-24,4,155.26,False
493,124,3,2026-01-24,4,155.26,False
494,124,4,2026-01-24,4,155.26,False
495,124,5,2026-01-24,4,155.26,False
496,125,1,2026-01-25,4,128.35,False
497,125,2,2026-01-25,4,128.36,False
498,125,3,2026-01-25,4,128.36,False
499,125,4,2026-01-25,4,128.36,True
500,125,5,2026-01-25,4,128.36,False
501,126,1,2026-01-26,4,71.93,True
502,126,2,2026-01-26,4,71.94,False
503,126,3,2026-01-26,4,71.94,False
504,126,4,2026-01-26,4,71.94,False
505,126,5,2026-01-26,4,71.94,False
506,127,1,2026-01-28,4,88.82,False
507,127,2,2026-01-28,4,88.84,False
508,127,3,2026-01-28,4,88.84,False
509,127,4,2026-01-28,4,88.84,False
510,127,5,2026-01-28,4,88.84,True
511,128,1,2026-01-31,5,38.94,False
512,128,2,2026-01-31,5,38.93,False
513,128,3,2026-01-31,5,38.93,False
514,128,4,2026-01-31,5,38.93,False
515,128,5,2026-01-31,5,38.93,True
516,129,1,2026-02-01,1,1680.00,True
517,129,2,2026-02-01,1,1680.00,False
518,129,3,2026-02-01,1,1680.00,False
519,129,4,2026-02-01,1,1680.00,False
520,129,5,2026-02-01,1,1680.00,False
521,130,1,2026-02-01,2,235.47,True
522,130,2,2026-02-01,2,235.47,False
523,130,3,2026-02-01,2,235.47,False
524,130,4,2026-02-01,2,235.47,False
525,130,5,2026-02-01,2,235.47,False
526,131,1,2026-02-01,3,67.79,False
527,131,2,2026-02-01,3,67.78,False
528,131,3,2026-02-01,3,67.78,True
529,131,4,2026-02-01,3,67.78,False
530,131,5,2026-02-01,3,67.78,False
531,132,2,2026-02-01,6,194.57,False
532,132,3,2026-02-01,6,194.57,False
533,133,1,2026-02-02,4,121.33,False
534,133,2,2026-02-02,4,121.33,False
535,133,3,2026-02-02,4,121.33,False
536,133,4,2026-02-02,4,121.33,False
537,133,5,2026-02-02,4,121.33,True
538,134,1,2026-02-02,5,9.86,False
539,134,2,2026-02-02,5,9.84,True
540,134,3,2026-02-02,5,9.84,False
541,134,4,2026-02-02,5,9.84,False
542,134,5,2026-02-02,5,9.84,False
543,135,1,2026-02-03,4,90.18,True
544,135,2,2026-02-03,4,90.19,False
545,135,3,2026-02-03,4,90.19,False
546,135,4,2026-02-03,4,90.19,False
547,135,5,2026-02-03,4,90.19,False
548,136,1,2026-02-04,7,94.83,False
549,136,2,2026-02-04,7,94.82,True
550,136,3,2026-02-04,7,94.82,False
551,136,4,2026-02-04,7,94.82,False
552,136,5,2026-02-04,7,94.82,False
553,137,4,2026-02-06,6,85.47,False
554,137,1,2026-02-06,6,85.47,True
555,137,2,2026-02-06,6,85.47,False
556,137,3,2026-02-06,6,85.47,False
557,137,5,2026-02-06,6,85.47,False
558,138,1,2026-02-06,7,51.98,False
559,138,2,2026-02-06,7,51.97,False
560,138,3,2026-02-06,7,51.97,True
561,138,4,2026-02-06,7,51.97,False
562,138,5,2026-02-06,7,51.97,False
563,139,1,2026-02-07,4,56.52,False
564,139,2,2026-02-07,4,56.52,True
565,139,3,2026-02-07,4,56.52,False
566,139,4,2026-02-07,4,56.52,False
567,139,5,2026-02-07,4,56.52,False
568,140,1,2026-02-08,4,91.81,False
569,140,2,2026-02-08,4,91.82,False
570,140,3,2026-02-08,4,91.82,True
571,140,4,2026-02-08,4,91.82,False
572,140,5,2026-02-08,4,91.82,False
573,141,1,2026-02-09,4,127.57,False
574,141,2,2026-02-09,4,127.57,False
575,141,3,2026-02-09,4,127.57,False
576,141,4,2026-02-09,4,127.57,False
577,141,5,2026-02-09,4,127.57,True
578,142,1,2026-02-11,6,46.09,False
579,142,2,2026-02-11,6,46.07,False
580,142,3,2026-02-11,6,46.07,True
581,142,4,2026-02-11,6,46.07,False
582,142,5,2026-02-11,6,46.07,False
583,143,1,2026-02-13,5,62.96,False
584,143,2,2026-02-13,5,62.98,False
585,143,3,2026-02-13,5,62.98,False
586,143,4,2026-02-13,5,62.98,True
587,143,5,2026-02-13,5,62.98,False
588,144,1,2026-02-16,4,26.86,True
589,144,2,2026-02-16,4,26.84,False
590,144,3,2026-02-16,4,26.84,False
591,144,4,2026-02-16,4,26.84,False
592,144,5,2026-02-16,4,26.84,False
593,145,1,2026-02-16,6,29.89,False
594,145,2,2026-02-16,6,29.88,False
595,145,3,2026-02-16,6,29.88,True
596,145,4,2026-02-16,6,29.88,False
597,145,5,2026-02-16,6,29.88,False
598,146,1,2026-02-17,5,23.75,True
599,146,2,2026-02-17,5,23.76,False
600,146,3,2026-02-17,5,23.76,False
601,146,4,2026-02-17,5,23.76,False
602,146,5,2026-02-17,5,23.76,False
603,147,1,2026-02-18,4,133.11,False
604,147,2,2026-02-18,4,133.12,False
605,147,3,2026-02-18,4,133.12,True
606,147,4,2026-02-18,4,133.12,False
607,147,5,2026-02-18,4,133.12,False
608,148,1,2026-02-18,8,242.30,False
609,148,2,2026-02-18,8,242.32,False
610,148,3,2026-02-18,8,242.32,True
611,148,4,2026-02-18,8,242.32,False
612,148,5,2026-02-18,8,242.32,False
613,149,1,2026-02-20,7,61.73,True
614,149,5,2026-02-20,7,61.73,False
615,149,3,2026-02-20,7,61.73,False
616,149,4,2026-02-20,7,61.73,False
617,150,1,2026-02-23,5,27.53,False
618,150,2,2026-02-23,5,27.51,False
619,150,3,2026-02-23,5,27.51,True
620,150,4,2026-02-23,5,27.51,False
621,150,5,2026-02-23,5,27.51,False
622,151,1,2026-02-25,6,90.16,False
623,151,2,2026-02-25,6,90.18,True
624,151,3,2026-02-25,6,90.18,False
625,151,4,2026-02-25,6,90.18,False
626,151,5,2026-02-25,6,90.18,False
627,152,1,2026-02-26,4,79.58,False
628,152,2,2026-02-26,4,79.57,False
629,152,3,2026-02-26,4,79.57,False
630,152,4,2026-02-26,4,79.57,True
631,152,5,2026-02-26,4,79.57,False
632,153,1,2026-02-26,7,93.96,False
633,153,2,2026-02-26,7,93.94,True
634,153,3,2026-02-26,7,93.94,False
635,153,4,2026-02-26,7,93.94,False
636,153,5,2026-02-26,7,93.94,False
637,154,1,2026-02-28,4,136.29,False
638,154,2,2026-02-28,4,136.31,False
639,154,3,2026-02-28,4,136.31,False
640,154,4,2026-02-28,4,136.31,True
641,154,5,2026-02-28,4,136.31,False
642,155,1,2026-03-01,1,1680.00,False
643,155,2,2026-03-01,1,1680.00,True
644,155,3,2026-03-01,1,1680.00,False
645,155,4,2026-03-01,1,1680.00,False
646,155,5,2026-03-01,1,1680.00,False
647,156,1,2026-03-01,2,410.77,False
648,156,2,2026-03-01,2,410.76,False
649,156,3,2026-03-01,2,410.76,False
650,156,4,2026-03-01,2,410.76,True
651,156,5,2026-03-01,2,410.76,False
652,157,1,2026-03-01,3,60.54,False
653,157,2,2026-03-01,3,60.54,False
654,157,3,2026-03-01,3,60.54,False
655,157,4,2026-03-01,3,60.54,False
656,157,5,2026-03-01,3,60.54,True
657,158,1,2026-03-01,4,32.17,False
658,158,2,2026-03-01,4,32.15,True
659,158,3,2026-03-01,4,32.15,False
660,158,4,2026-03-01,4,32.15,False
661,158,5,2026-03-01,4,32.15,False
662,159,1,2026-03-03,4,56.33,False
663,159,2,2026-03-03,4,56.31,False
664,159,3,2026-03-03,4,56.31,False
665,159,4,2026-03-03,4,56.31,False
666,159,5,2026-03-03,4,56.31,True
667,160,1,2026-03-04,4,58.11,False
668,160,2,2026-03-04,4,58.11,True
669,160,3,2026-03-04,4,58.11,False
670,160,4,2026-03-04,4,58.11,False
671,160,5,2026-03-04,4,58.11,False
672,161,1,2026-03-06,4,39.54,True
673,161,2,2026-03-06,4,39.53,False
674,161,3,2026-03-06,4,39.53,False
675,161,4,2026-03-06,4,39.53,False
676,161,5,2026-03-06,4,39.53,False
677,162,1,2026-03-07,4,77.94,False
678,162,2,2026-03-07,4,77.92,True
679,162,3,2026-03-07,4,77.92,False
680,162,4,2026-03-07,4,77.92,False
681,162,5,2026-03-07,4,77.92,False
682,163,1,2026-03-08,4,36.02,False
683,163,2,2026-03-08,4,36.00,True
684,163,3,2026-03-08,4,36.00,False
685,163,4,2026-03-08,4,36.00,False
686,163,5,2026-03-08,4,36.00,False
687,164,1,2026-03-09,4,155.93,True
688,164,2,2026-03-09,4,155.95,False
689,164,3,2026-03-09,4,155.95,False
690,164,4,2026-03-09,4,155.95,False
691,164,5,2026-03-09,4,155.95,False
692,165,1,2026-03-09,5,12.39,False
693,165,2,2026-03-09,5,12.40,False
694,165,3,2026-03-09,5,12.40,False
695,165,4,2026-03-09,5,12.40,False
696,165,5,2026-03-09,5,12.40,True
697,166,1,2026-03-11,4,29.61,False
698,166,2,2026-03-11,4,29.61,True
699,166,3,2026-03-11,4,29.61,False
700,166,4,2026-03-11,4,29.61,False
701,166,5,2026-03-11,4,29.61,False
702,167,1,2026-03-14,4,57.88,False
703,167,2,2026-03-14,4,57.86,True
704,167,3,2026-03-14,4,57.86,False
705,167,4,2026-03-14,4,57.86,False
706,167,5,2026-03-14,4,57.86,False
707,168,1,2026-03-16,4,97.97,True
708,168,2,2026-03-16,4,97.97,False
709,168,3,2026-03-16,4,97.97,False
710,168,4,2026-03-16,4,97.97,False
711,168,5,2026-03-16,4,97.97,False
712,169,1,2026-03-16,5,22.31,False
713,169,2,2026-03-16,5,22.31,True
714,169,3,2026-03-16,5,22.31,False
715,169,4,2026-03-16,5,22.31,False
716,169,5,2026-03-16,5,22.31,False
717,170,1,2026-03-16,6,85.87,False
718,170,2,2026-03-16,6,85.88,False
719,170,3,2026-03-16,6,85.88,False
720,170,4,2026-03-16,6,85.88,False
721,170,5,2026-03-16,6,85.88,True
722,171,1,2026-03-17,4,79.97,False
723,171,2,2026-03-17,4,79.98,False
724,171,3,2026-03-17,4,79.98,True
725,171,4,2026-03-17,4,79.98,False
726,171,5,2026-03-17,4,79.98,False
727,172,1,2026-03-17,5,52.83,False
728,172,2,2026-03-17,5,52.85,True
729,172,3,2026-03-17,5,52.85,False
730,172,4,2026-03-17,5,52.85,False
731,172,5,2026-03-17,5,52.85,False
732,173,5,2026-03-18,6,135.95,False
733,173,2,2026-03-18,6,135.95,False
734,173,1,2026-03-18,6,135.95,False
735,173,4,2026-03-18,6,135.95,True
736,173,3,2026-03-18,6,135.95,False
737,174,1,2026-03-20,4,24.86,False
738,174,2,2026-03-20,4,24.86,False
739,174,3,2026-03-20,4,24.86,True
740,174,4,2026-03-20,4,24.86,False
741,174,5,2026-03-20,4,24.86,False
742,175,1,2026-03-21,4,84.57,False
743,175,2,2026-03-21,4,84.56,True
744,175,3,2026-03-21,4,84.56,False
745,175,4,2026-03-21,4,84.56,False
746,175,5,2026-03-21,4,84.56,False
747,176,1,2026-03-22,4,54.25,True
748,176,2,2026-03-22,4,54.27,False
749,176,3,2026-03-22,4,54.27,False
750,176,4,2026-03-22,4,54.27,False
751,176,5,2026-03-22,4,54.27,False
752,177,1,2026-03-24,4,151.13,False
753,177,2,2026-03-24,4,151.11,False
754,177,3,2026-03-24,4,151.11,True
755,177,4,2026-03-24,4,151.11,False
756,177,5,2026-03-24,4,151.11,False
757,178,1,2026-03-25,5,57.54,False
758,178,2,2026-03-25,5,57.56,False
759,178,3,2026-03-25,5,57.56,True
760,178,4,2026-03-25,5,57.56,False
761,178,5,2026-03-25,5,57.56,False
762,179,1,2026-03-28,4,26.91,False
763,179,2,2026-03-28,4,26.91,False
764,179,3,2026-03-28,4,26.91,True
765,179,4,2026-03-28,4,26.91,False
766,179,5,2026-03-28,4,26.91,False
767,180,1,2026-03-29,4,119.97,False
768,180,2,2026-03-29,4,119.99,False
769,180,3,2026-03-29,4,119.99,False
770,180,4,2026-03-29,4,119.99,True
771,180,5,2026-03-29,4,119.99,False
772,181,1,2026-03-29,6,216.95,False
773,181,2,2026-03-29,6,216.96,False
774,182,1,2026-03-31,5,46.07,False
775,182,2,2026-03-31,5,46.06,False
776,182,3,2026-03-31,5,46.06,True
777,182,4,2026-03-31,5,46.06,False
778,182,5,2026-03-31,5,46.06,False
779,183,1,2026-04-01,1,1680.00,False
780,183,2,2026-04-01,1,1680.00,False
781,183,3,2026-04-01,1,1680.00,False
782,183,4,2026-04-01,1,1680.00,True
783,183,5,2026-04-01,1,1680.00,False
784,184,1,2026-04-01,2,213.33,False
785,184,2,2026-04-01,2,213.33,False
786,184,3,2026-04-01,2,213.33,True
787,184,4,2026-04-01,2,213.33,False
788,184,5,2026-04-01,2,213.33,False
789,185,1,2026-04-01,3,65.28,False
790,185,2,2026-04-01,3,65.26,False
791,185,3,2026-04-01,3,65.26,True
792,185,4,2026-04-01,3,65.26,False
793,185,5,2026-04-01,3,65.26,False
794,186,1,2026-04-01,4,125.87,False
795,186,2,2026-04-01,4,125.87,False
796,186,3,2026-04-01,4,125.87,True
797,186,4,2026-04-01,4,125.87,False
798,186,5,2026-04-01,4,125.87,False
799,187,1,2026-04-02,7,21.07,False
800,187,2,2026-04-02,7,21.05,False
801,187,3,2026-04-02,7,21.05,False
802,187,4,2026-04-02,7,21.05,True
803,187,5,2026-04-02,7,21.05,False
804,188,1,2026-04-03,4,82.67,True
805,188,2,2026-04-03,4,82.65,False
806,188,3,2026-04-03,4,82.65,False
807,188,4,2026-04-03,4,82.65,False
808,188,5,2026-04-03,4,82.65,False
809,189,3,2026-04-03,7,199.61,False
810,189,2,2026-04-03,7,199.61,False
811,190,1,2026-04-04,4,101.68,False
812,190,2,2026-04-04,4,101.70,False
813,190,3,2026-04-04,4,101.70,False
814,190,4,2026-04-04,4,101.70,True
815,190,5,2026-04-04,4,101.70,False
816,191,1,2026-04-05,4,41.45,False
817,191,2,2026-04-05,4,41.45,False
818,191,3,2026-04-05,4,41.45,False
819,191,4,2026-04-05,4,41.45,True
820,191,5,2026-04-05,4,41.45,False
821,192,1,2026-04-11,4,50.36,False
822,192,2,2026-04-11,4,50.36,True
823,192,3,2026-04-11,4,50.36,False
824,192,4,2026-04-11,4,50.36,False
825,192,5,2026-04-11,4,50.36,False
826,193,1,2026-04-11,5,15.17,True
827,193,2,2026-04-11,5,15.16,False
828,193,3,2026-04-11,5,15.16,False
829,193,4,2026-04-11,5,15.16,False
830,193,5,2026-04-11,5,15.16,False
831,194,1,2026-04-12,4,114.84,False
832,194,2,2026-04-12,4,114.82,False
833,194,3,2026-04-12,4,114.82,True
834,194,4,2026-04-12,4,114.82,False
835,194,5,2026-04-12,4,114.82,False
836,195,1,2026-04-12,7,71.25,False
837,195,2,2026-04-12,7,71.27,False
838,195,3,2026-04-12,7,71.27,False
839,195,4,2026-04-12,7,71.27,False
840,195,5,2026-04-12,7,71.27,True
841,196,1,2026-04-14,4,119.72,False
842,196,2,2026-04-14,4,119.74,True
843,196,3,2026-04-14,4,119.74,False
844,196,4,2026-04-14,4,119.74,False
845,196,5,2026-04-14,4,119.74,False
846,197,1,2026-04-14,6,63.76,True
847,197,2,2026-04-14,6,63.74,False
848,197,3,2026-04-14,6,63.74,False
849,197,4,2026-04-14,6,63.74,False
850,197,5,2026-04-14,6,63.74,False
851,198,1,2026-04-16,4,95.91,True
852,198,2,2026-04-16,4,95.89,False
853,198,3,2026-04-16,4,95.89,False
854,198,4,2026-04-16,4,95.89,False
855,198,5,2026-04-16,4,95.89,False
856,199,1,2026-04-18,4,116.90,False
857,199,2,2026-04-18,4,116.90,False
858,199,3,2026-04-18,4,116.90,True
859,199,4,2026-04-18,4,116.90,False
860,199,5,2026-04-18,4,116.90,False
861,200,1,2026-04-20,6,78.88,False
862,200,2,2026-04-20,6,78.87,False
863,200,3,2026-04-20,6,78.87,True
864,200,4,2026-04-20,6,78.87,False
865,200,5,2026-04-20,6,78.87,False
866,201,1,2026-04-21,4,87.33,False
867,201,2,2026-04-21,4,87.34,True
868,201,3,2026-04-21,4,87.34,False
869,201,4,2026-04-21,4,87.34,False
870,201,5,2026-04-21,4,87.34,False
871,202,1,2026-04-21,5,46.83,False
872,202,2,2026-04-21,5,46.85,False
873,202,3,2026-04-21,5,46.85,False
874,202,4,2026-04-21,5,46.85,False
875,202,5,2026-04-21,5,46.85,True
876,203,1,2026-04-22,4,101.86,True
877,203,2,2026-04-22,4,101.84,False
878,203,3,2026-04-22,4,101.84,False
879,203,4,2026-04-22,4,101.84,False
880,203,5,2026-04-22,4,101.84,False
881,204,1,2026-04-23,5,56.58,False
882,204,2,2026-04-23,5,56.57,False
883,204,3,2026-04-23,5,56.57,False
884,204,4,2026-04-23,5,56.57,False
885,204,5,2026-04-23,5,56.57,True
886,205,1,2026-04-24,4,85.54,False
887,205,2,2026-04-24,4,85.53,False
888,205,3,2026-04-24,4,85.53,True
889,205,4,2026-04-24,4,85.53,False
890,205,5,2026-04-24,4,85.53,False
891,206,1,2026-04-25,4,122.56,False
892,206,2,2026-04-25,4,122.55,False
893,206,3,2026-04-25,4,122.55,True
894,206,4,2026-04-25,4,122.55,False
895,206,5,2026-04-25,4,122.55,False
896,207,1,2026-04-26,4,48.43,False
897,207,2,2026-04-26,4,48.42,False
898,207,3,2026-04-26,4,48.42,False
899,207,4,2026-04-26,4,48.42,False
900,207,5,2026-04-26,4,48.42,True
901,208,2,2026-04-26,6,232.00,False
902,208,1,2026-04-26,6,232.00,False
903,209,1,2026-04-27,4,145.79,False
904,209,2,2026-04-27,4,145.78,True
905,209,3,2026-04-27,4,145.78,False
906,209,4,2026-04-27,4,145.78,False
907,209,5,2026-04-27,4,145.78,False
908,210,3,2026-04-27,7,60.27,True
909,210,1,2026-04-27,7,60.28,False
910,210,2,2026-04-27,7,60.28,False
911,211,1,2026-04-30,4,91.12,False
912,211,2,2026-04-30,4,91.11,False
913,211,3,2026-04-30,4,91.11,True
914,211,4,2026-04-30,4,91.11,False
915,211,5,2026-04-30,4,91.11,False
916,212,1,2026-05-01,1,1680.00,False
917,212,2,2026-05-01,1,1680.00,False
918,212,3,2026-05-01,1,1680.00,True
919,212,4,2026-05-01,1,1680.00,False
920,212,5,2026-05-01,1,1680.00,False
921,213,1,2026-05-01,2,167.39,False
922,213,2,2026-05-01,2,167.37,False
923,213,3,2026-05-01,2,167.37,True
924,213,4,2026-05-01,2,167.37,False
925,213,5,2026-05-01,2,167.37,False
926,214,1,2026-05-01,3,63.47,False
927,214,2,2026-05-01,3,63.47,False
928,214,3,2026-05-01,3,63.47,False
929,214,4,2026-05-01,3,63.47,False
930,214,5,2026-05-01,3,63.47,True
931,215,1,2026-05-02,4,34.56,False
932,215,2,2026-05-02,4,34.58,True
933,215,3,2026-05-02,4,34.58,False
934,215,4,2026-05-02,4,34.58,False
935,215,5,2026-05-02,4,34.58,False
936,216,1,2026-05-02,5,23.81,False
937,216,2,2026-05-02,5,23.83,False
938,216,3,2026-05-02,5,23.83,True
939,216,4,2026-05-02,5,23.83,False
940,216,5,2026-05-02,5,23.83,False
941,217,1,2026-05-03,4,144.22,True
942,217,2,2026-05-03,4,144.20,False
943,217,3,2026-05-03,4,144.20,False
944,217,4,2026-05-03,4,144.20,False
945,217,5,2026-05-03,4,144.20,False
946,218,1,2026-05-04,6,47.37,False
947,218,5,2026-05-04,6,47.38,True
948,218,3,2026-05-04,6,47.38,False
949,218,4,2026-05-04,6,47.38,False
950,218,2,2026-05-04,6,47.38,False
951,219,1,2026-05-06,4,130.53,False
952,219,2,2026-05-06,4,130.55,False
953,219,3,2026-05-06,4,130.55,False
954,219,4,2026-05-06,4,130.55,True
955,219,5,2026-05-06,4,130.55,False
956,220,1,2026-05-07,4,31.58,True
957,220,2,2026-05-07,4,31.59,False
958,220,3,2026-05-07,4,31.59,False
959,220,4,2026-05-07,4,31.59,False
960,220,5,2026-05-07,4,31.59,False
961,221,1,2026-05-08,5,60.75,False
962,221,2,2026-05-08,5,60.76,False
963,221,3,2026-05-08,5,60.76,False
964,221,4,2026-05-08,5,60.76,False
965,221,5,2026-05-08,5,60.76,True
966,222,1,2026-05-09,4,138.55,False
967,222,2,2026-05-09,4,138.56,False
968,222,3,2026-05-09,4,138.56,False
969,222,4,2026-05-09,4,138.56,True
970,222,5,2026-05-09,4,138.56,False
971,223,1,2026-05-09,6,106.00,False
972,223,2,2026-05-09,6,106.01,False
973,223,3,2026-05-09,6,106.01,False
974,223,4,2026-05-09,6,106.01,False
975,223,5,2026-05-09,6,106.01,True
976,224,1,2026-05-10,5,15.47,False
977,224,2,2026-05-10,5,15.46,False
978,224,3,2026-05-10,5,15.46,False
979,224,4,2026-05-10,5,15.46,False
980,224,5,2026-05-10,5,15.46,True
981,225,1,2026-05-11,6,31.99,True
982,225,2,2026-05-11,6,31.99,False
983,225,3,2026-05-11,6,31.99,False
984,225,4,2026-05-11,6,31.99,False
985,225,5,2026-05-11,6,31.99,False
986,226,1,2026-05-13,4,94.31,False
987,226,2,2026-05-13,4,94.30,False
988,226,3,2026-05-13,4,94.30,False
989,226,4,2026-05-13,4,94.30,True
990,226,5,2026-05-13,4,94.30,False
991,227,1,2026-05-13,5,41.69,False
992,227,2,2026-05-13,5,41.71,False
993,227,3,2026-05-13,5,41.71,True
994,227,4,2026-05-13,5,41.71,False
995,227,5,2026-05-13,5,41.71,False
996,228,1,2026-05-14,4,64.97,True
997,228,2,2026-05-14,4,64.96,False
998,228,3,2026-05-14,4,64.96,False
999,228,4,2026-05-14,4,64.96,False
1000,228,5,2026-05-14,4,64.96,False
1001,229,1,2026-05-16,6,124.19,False
1002,229,2,2026-05-16,6,124.18,False
1003,229,3,2026-05-16,6,124.18,True
1004,229,4,2026-05-16,6,124.18,False
1005,229,5,2026-05-16,6,124.18,False
1006,230,1,2026-05-18,4,92.90,False
1007,230,2,2026-05-18,4,92.88,False
1008,230,3,2026-05-18,4,92.88,False
1009,230,4,2026-05-18,4,92.88,False
1010,230,5,2026-05-18,4,92.88,True
1011,231,1,2026-05-19,5,25.34,False
1012,231,2,2026-05-19,5,25.36,False
1013,231,3,2026-05-19,5,25.36,False
1014,231,4,2026-05-19,5,25.36,False
1015,231,5,2026-05-19,5,25.36,True
1016,232,1,2026-05-20,4,82.02,False
1017,232,2,2026-05-20,4,82.00,False
1018,232,3,2026-05-20,4,82.00,False
1019,232,4,2026-05-20,4,82.00,False
1020,232,5,2026-05-20,4,82.00,True
1021,233,1,2026-05-21,4,137.59,False
1022,233,2,2026-05-21,4,137.59,False
1023,233,3,2026-05-21,4,137.59,True
1024,233,4,2026-05-21,4,137.59,False
1025,233,5,2026-05-21,4,137.59,False
1026,234,1,2026-05-21,5,53.27,True
1027,234,2,2026-05-21,5,53.28,False
1028,234,3,2026-05-21,5,53.28,False
1029,234,4,2026-05-21,5,53.28,False
1030,234,5,2026-05-21,5,53.28,False
1031,235,1,2026-05-24,4,142.79,False
1032,235,2,2026-05-24,4,142.79,False
1033,235,3,2026-05-24,4,142.79,True
1034,235,4,2026-05-24,4,142.79,False
1035,235,5,2026-05-24,4,142.79,False
1036,236,1,2026-05-26,6,53.63,False
1037,236,2,2026-05-26,6,53.65,True
1038,236,3,2026-05-26,6,53.65,False
1039,236,4,2026-05-26,6,53.65,False
1040,236,5,2026-05-26,6,53.65,False
1041,237,3,2026-05-27,6,44.82,True
1042,237,5,2026-05-27,6,44.81,False
1043,237,1,2026-05-27,6,44.81,False
1044,237,2,2026-05-27,6,44.81,False
1045,238,1,2026-05-30,4,82.07,False
1046,238,2,2026-05-30,4,82.06,False
1047,238,3,2026-05-30,4,82.06,False
1048,238,4,2026-05-30,4,82.06,False
1049,238,5,2026-05-30,4,82.06,True
1050,239,1,2026-05-30,5,42.48,False
1051,239,2,2026-05-30,5,42.49,False
1052,239,3,2026-05-30,5,42.49,False
1053,239,4,2026-05-30,5,42.49,True
1054,239,5,2026-05-30,5,42.49,False
1055,240,1,2026-05-30,6,116.99,False
1056,240,2,2026-05-30,6,117.01,False
1057,240,3,2026-05-30,6,117.01,False
1058,240,4,2026-05-30,6,117.01,True
1059,240,5,2026-05-30,6,117.01,False
1060,241,1,2026-05-31,5,55.85,True
1061,241,2,2026-05-31,5,55.83,False
1062,241,3,2026-05-31,5,55.83,False
1063,241,4,2026-05-31,5,55.83,False
1064,241,5,2026-05-31,5,55.83,False
1065,242,1,2026-06-01,1,1680.00,True
1066,242,2,2026-06-01,1,1680.00,False
1067,242,3,2026-06-01,1,1680.00,False
1068,242,4,2026-06-01,1,1680.00,False
1069,242,5,2026-06-01,1,1680.00,False
1070,243,1,2026-06-01,2,229.54,False
1071,243,2,2026-06-01,2,229.54,True
1072,243,3,2026-06-01,2,229.54,False
1073,243,4,2026-06-01,2,229.54,False
1074,243,5,2026-06-01,2,229.54,False
1075,244,1,2026-06-01,3,60.52,False
1076,244,2,2026-06-01,3,60.53,False
1077,244,3,2026-06-01,3,60.53,False
1078,244,4,2026-06-01,3,60.53,False
1079,244,5,2026-06-01,3,60.53,True
1080,245,3,2026-06-01,7,15.88,False
1081,245,5,2026-06-01,7,15.87,False
1082,245,1,2026-06-01,7,15.87,False
1083,245,4,2026-06-01,7,15.87,False
1084,246,1,2026-06-04,6,91.47,False
1085,246,2,2026-06-04,6,91.48,False
1086,246,3,2026-06-04,6,91.48,True
1087,246,4,2026-06-04,6,91.48,False
1088,246,5,2026-06-04,6,91.48,False
1089,247,1,2026-06-05,4,76.33,False
1090,247,2,2026-06-05,4,76.31,False
1091,247,3,2026-06-05,4,76.31,True
1092,247,4,2026-06-05,4,76.31,False
1093,247,5,2026-06-05,4,76.31,False
1094,248,1,2026-06-05,5,42.97,True
1095,248,2,2026-06-05,5,42.99,False
1096,248,3,2026-06-05,5,42.99,False
1097,248,4,2026-06-05,5,42.99,False
1098,248,5,2026-06-05,5,42.99,False
1099,249,1,2026-06-06,5,59.82,False
1100,249,2,2026-06-06,5,59.81,False
1101,249,3,2026-06-06,5,59.81,False
1102,249,4,2026-06-06,5,59.81,True
1103,249,5,2026-06-06,5,59.81,False
1104,250,1,2026-06-07,4,83.19,False
1105,250,2,2026-06-07,4,83.21,False
1106,250,3,2026-06-07,4,83.21,False
1107,250,4,2026-06-07,4,83.21,True
1108,250,5,2026-06-07,4,83.21,False
1109,251,4,2026-06-07,6,163.54,True
1110,251,1,2026-06-07,6,163.55,False
1111,252,1,2026-06-07,7,78.72,True
1112,252,2,2026-06-07,7,78.74,False
1113,252,3,2026-06-07,7,78.74,False
1114,252,4,2026-06-07,7,78.74,False
1115,252,5,2026-06-07,7,78.74,False
1116,253,1,2026-06-08,4,82.76,False
1117,253,2,2026-06-08,4,82.78,True
1118,253,3,2026-06-08,4,82.78,False
1119,253,4,2026-06-08,4,82.78,False
1120,253,5,2026-06-08,4,82.78,False
1121,254,1,2026-06-09,4,124.41,False
1122,254,2,2026-06-09,4,124.41,False
1123,254,3,2026-06-09,4,124.41,False
1124,254,4,2026-06-09,4,124.41,False
1125,254,5,2026-06-09,4,124.41,True
1126,255,5,2026-06-11,6,103.59,False
1127,255,2,2026-06-11,6,103.61,False
1128,255,3,2026-06-11,6,103.61,True
1129,255,4,2026-06-11,6,103.61,False
1130,256,1,2026-06-12,4,54.33,True
1131,256,2,2026-06-12,4,54.35,False
1132,256,3,2026-06-12,4,54.35,False
1133,256,4,2026-06-12,4,54.35,False
1134,256,5,2026-06-12,4,54.35,False
1135,257,1,2026-06-14,4,45.79,False
1136,257,2,2026-06-14,4,45.79,False
1137,257,3,2026-06-14,4,45.79,False
1138,257,4,2026-06-14,4,45.79,True
1139,257,5,2026-06-14,4,45.79,False
1140,258,1,2026-06-14,5,46.09,False
1141,258,2,2026-06-14,5,46.11,False
1142,258,3,2026-06-14,5,46.11,True
1143,258,4,2026-06-14,5,46.11,False
1144,258,5,2026-06-14,5,46.11,False
1145,259,1,2026-06-15,5,63.29,False
1146,259,2,2026-06-15,5,63.28,False
1147,259,3,2026-06-15,5,63.28,False
1148,259,4,2026-06-15,5,63.28,True
1149,259,5,2026-06-15,5,63.28,False
1150,260,1,2026-06-16,4,152.44,False
1151,260,2,2026-06-16,4,152.44,False
1152,260,3,2026-06-16,4,152.44,False
1153,260,4,2026-06-16,4,152.44,False
1154,260,5,2026-06-16,4,152.44,True
1155,261,1,2026-06-16,5,59.95,False
1156,261,2,2026-06-16,5,59.95,True
1157,261,3,2026-06-16,5,59.95,False
1158,261,4,2026-06-16,5,59.95,False
1159,261,5,2026-06-16,5,59.95,False
1160,262,1,2026-06-17,7,46.45,False
1161,262,5,2026-06-17,7,46.45,False
1162,263,3,2026-06-18,7,60.42,False
1163,263,2,2026-06-18,7,60.40,False
1164,263,1,2026-06-18,7,60.40,True
1165,263,4,2026-06-18,7,60.40,False
1166,263,5,2026-06-18,7,60.40,False
1167,264,1,2026-06-20,4,125.32,False
1168,264,2,2026-06-20,4,125.30,False
1169,264,3,2026-06-20,4,125.30,False
1170,264,4,2026-06-20,4,125.30,True
1171,264,5,2026-06-20,4,125.30,False
1172,265,1,2026-06-21,4,21.85,False
1173,265,2,2026-06-21,4,21.86,False
1174,265,3,2026-06-21,4,21.86,True
1175,265,4,2026-06-21,4,21.86,False
1176,265,5,2026-06-21,4,21.86,False
1177,266,1,2026-06-24,5,58.38,False
1178,266,2,2026-06-24,5,58.37,False
1179,266,3,2026-06-24,5,58.37,False
1180,266,4,2026-06-24,5,58.37,False
1181,266,5,2026-06-24,5,58.37,True
1182,267,1,2026-06-25,6,63.70,False
1183,267,2,2026-06-25,6,63.68,False
1184,267,3,2026-06-25,6,63.68,False
1185,267,4,2026-06-25,6,63.68,True
1186,267,5,2026-06-25,6,63.68,False
1187,268,1,2026-06-27,4,110.09,False
1188,268,2,2026-06-27,4,110.07,False
1189,268,3,2026-06-27,4,110.07,True
1190,268,4,2026-06-27,4,110.07,False
1191,268,5,2026-06-27,4,110.07,False
1192,269,1,2026-06-28,4,56.59,True
1193,269,2,2026-06-28,4,56.60,False
1194,269,3,2026-06-28,4,56.60,False
1195,269,4,2026-06-28,4,56.60,False
1196,269,5,2026-06-28,4,56.60,False
1197,270,1,2026-06-28,7,25.18,False
1198,270,2,2026-06-28,7,25.17,True
1199,270,3,2026-06-28,7,25.17,False
1200,270,4,2026-06-28,7,25.17,False
1201,270,5,2026-06-28,7,25.17,False
1202,271,1,2026-06-29,4,62.67,False
1203,271,2,2026-06-29,4,62.67,True
1204,271,3,2026-06-29,4,62.67,False
1205,271,4,2026-06-29,4,62.67,False
1206,271,5,2026-06-29,4,62.67,False
1207,272,1,2026-06-29,5,30.52,False
1208,272,2,2026-06-29,5,30.50,True
1209,272,3,2026-06-29,5,30.50,False
1210,272,4,2026-06-29,5,30.50,False
1211,272,5,2026-06-29,5,30.50,False
1212,273,1,2026-06-30,4,147.49,False
1213,273,2,2026-06-30,4,147.47,False
1214,273,3,2026-06-30,4,147.47,False
1215,273,4,2026-06-30,4,147.47,False
1216,273,5,2026-06-30,4,147.47,True
1217,274,1,2026-07-01,1,1680.00,False
1218,274,2,2026-07-01,1,1680.00,True
1219,274,3,2026-07-01,1,1680.00,False
1220,274,4,2026-07-01,1,1680.00,False
1221,274,5,2026-07-01,1,1680.00,False
1222,275,1,2026-07-01,2,135.34,False
1223,275,2,2026-07-01,2,135.36,True
1224,275,3,2026-07-01,2,135.36,False
1225,275,4,2026-07-01,2,135.36,False
1226,275,5,2026-07-01,2,135.36,False
1227,276,1,2026-07-01,3,59.92,True
1228,276,2,2026-07-01,3,59.92,False
1229,276,3,2026-07-01,3,59.92,False
1230,276,4,2026-07-01,3,59.92,False
1231,276,5,2026-07-01,3,59.92,False
1232,277,1,2026-07-01,5,58.96,False
1233,277,2,2026-07-01,5,58.94,True
1234,277,3,2026-07-01,5,58.94,False
1235,277,4,2026-07-01,5,58.94,False
1236,277,5,2026-07-01,5,58.94,False
1237,278,1,2026-07-03,4,88.76,False
1238,278,2,2026-07-03,4,88.75,False
1239,278,3,2026-07-03,4,88.75,True
1240,278,4,2026-07-03,4,88.75,False
1241,278,5,2026-07-03,4,88.75,False
1242,279,3,2026-07-03,6,108.45,False
1243,279,5,2026-07-03,6,108.45,False
1244,280,1,2026-07-04,4,109.38,False
1245,280,2,2026-07-04,4,109.39,True
1246,280,3,2026-07-04,4,109.39,False
1247,280,4,2026-07-04,4,109.39,False
1248,280,5,2026-07-04,4,109.39,False
1249,281,1,2026-07-04,5,61.49,False
1250,281,2,2026-07-04,5,61.50,True
1251,281,3,2026-07-04,5,61.50,False
1252,281,4,2026-07-04,5,61.50,False
1253,281,5,2026-07-04,5,61.50,False
1254,282,1,2026-07-05,4,33.15,False
1255,282,2,2026-07-05,4,33.16,False
1256,282,3,2026-07-05,4,33.16,False
1257,282,4,2026-07-05,4,33.16,False
1258,282,5,2026-07-05,4,33.16,True
1259,283,1,2026-07-05,7,26.33,False
1260,283,2,2026-07-05,7,26.34,False
1261,283,3,2026-07-05,7,26.34,True
1262,283,4,2026-07-05,7,26.34,False
1263,283,5,2026-07-05,7,26.34,False
1264,284,1,2026-07-06,6,50.41,False
1265,284,2,2026-07-06,6,50.40,False
1266,284,3,2026-07-06,6,50.40,False
1267,284,4,2026-07-06,6,50.40,True
1268,284,5,2026-07-06,6,50.40,False
1269,285,1,2026-07-07,7,48.34,False
1270,285,2,2026-07-07,7,48.34,False
1271,285,4,2026-07-07,7,48.34,True
1272,286,1,2026-07-08,4,130.29,False
1273,286,2,2026-07-08,4,130.27,False
1274,286,3,2026-07-08,4,130.27,True
1275,286,4,2026-07-08,4,130.27,False
1276,286,5,2026-07-08,4,130.27,False
1277,287,1,2026-07-09,4,51.18,False
1278,287,2,2026-07-09,4,51.19,False
1279,287,3,2026-07-09,4,51.19,False
1280,287,4,2026-07-09,4,51.19,False
1281,287,5,2026-07-09,4,51.19,True
1282,288,1,2026-07-09,6,66.62,False
1283,288,2,2026-07-09,6,66.64,False
1284,288,3,2026-07-09,6,66.64,True
1285,288,4,2026-07-09,6,66.64,False
1286,288,5,2026-07-09,6,66.64,False
1287,289,1,2026-07-09,7,75.02,True
1288,289,2,2026-07-09,7,75.03,False
1289,289,3,2026-07-09,7,75.03,False
1290,289,4,2026-07-09,7,75.03,False
1291,289,5,2026-07-09,7,75.03,False
1292,290,1,2026-07-10,4,132.60,False
1293,290,2,2026-07-10,4,132.62,False
1294,290,3,2026-07-10,4,132.62,False
1295,290,4,2026-07-10,4,132.62,False
1296,290,5,2026-07-10,4,132.62,True
1297,291,1,2026-07-12,4,82.21,False
1298,291,2,2026-07-12,4,82.21,False
1299,291,3,2026-07-12,4,82.21,False
1300,291,4,2026-07-12,4,82.21,True
1301,291,5,2026-07-12,4,82.21,False
1302,292,1,2026-07-12,6,135.89,False
1303,292,2,2026-07-12,6,135.91,False
1304,292,5,2026-07-12,6,135.91,True
1305,292,3,2026-07-12,6,135.91,False
1306,292,4,2026-07-12,6,135.91,False
1307,293,1,2026-07-13,4,83.27,False
1308,293,2,2026-07-13,4,83.27,False
1309,293,3,2026-07-13,4,83.27,False
1310,293,4,2026-07-13,4,83.27,False
1311,293,5,2026-07-13,4,83.27,True
1312,294,1,2026-07-14,6,99.82,False
1313,294,2,2026-07-14,6,99.81,False
1314,294,3,2026-07-14,6,99.81,False
1315,294,4,2026-07-14,6,99.81,False
1316,294,5,2026-07-14,6,99.81,True
1317,295,1,2026-07-17,4,53.77,False
1318,295,2,2026-07-17,4,53.75,False
1319,295,3,2026-07-17,4,53.75,True
1320,295,4,2026-07-17,4,53.75,False
1321,295,5,2026-07-17,4,53.75,False
1322,296,1,2026-07-19,4,36.28,False
1323,296,2,2026-07-19,4,36.30,False
1324,296,3,2026-07-19,4,36.30,True
1325,296,4,2026-07-19,4,36.30,False
1326,296,5,2026-07-19,4,36.30,False
1327,297,1,2026-07-19,7,20.43,False
1328,297,2,2026-07-19,7,20.45,False
1329,297,3,2026-07-19,7,20.45,True
1330,297,4,2026-07-19,7,20.45,False
1331,297,5,2026-07-19,7,20.45,False
1332,298,1,2026-07-21,4,27.84,False
1333,298,2,2026-07-21,4,27.84,False
1334,298,3,2026-07-21,4,27.84,True
1335,298,4,2026-07-21,4,27.84,False
1336,298,5,2026-07-21,4,27.84,False
1337,299,1,2026-07-23,5,38.48,False
1338,299,2,2026-07-23,5,38.50,False
1339,299,3,2026-07-23,5,38.50,False
1340,299,4,2026-07-23,5,38.50,False
1341,299,5,2026-07-23,5,38.50,True
1342,300,1,2026-07-23,6,116.24,False
1343,300,2,2026-07-23,6,116.26,False
1344,300,3,2026-07-23,6,116.26,True
1345,300,4,2026-07-23,6,116.26,False
1346,300,5,2026-07-23,6,116.26,False
1347,301,1,2026-07-25,4,37.51,False
1348,301,2,2026-07-25,4,37.50,False
1349,301,3,2026-07-25,4,37.50,False
1350,301,4,2026-07-25,4,37.50,True
1351,301,5,2026-07-25,4,37.50,False
1352,302,1,2026-07-28,4,122.36,False
1353,302,2,2026-07-28,4,122.35,False
1354,302,3,2026-07-28,4,122.35,True
1355,302,4,2026-07-28,4,122.35,False
1356,302,5,2026-07-28,4,122.35,False
1357,303,4,2026-07-28,7,91.83,False
1358,303,2,2026-07-28,7,91.84,False
1359,303,5,2026-07-28,7,91.84,False
1360,303,3,2026-07-28,7,91.84,False
1361,304,1,2026-07-31,4,91.44,True
1362,304,2,2026-07-31,4,91.46,False
1363,304,3,2026-07-31,4,91.46,False
1364,304,4,2026-07-31,4,91.46,False
1365,304,5,2026-07-31,4,91.46,False
1366,305,1,2026-07-31,7,32.25,False
1367,305,2,2026-07-31,7,32.25,False
1368,305,3,2026-07-31,7,32.25,False
1369,305,4,2026-07-31,7,32.25,True
1370,305,5,2026-07-31,7,32.25,False
1371,306,1,2026-08-01,1,1680.00,True
1372,306,2,2026-08-01,1,1680.00,False
1373,306,3,2026-08-01,1,1680.00,False
1374,306,4,2026-08-01,1,1680.00,False
1375,306,5,2026-08-01,1,1680.00,False
1376,307,1,2026-08-01,2,117.91,True
1377,307,2,2026-08-01,2,117.91,False
1378,307,3,2026-08-01,2,117.91,False
1379,307,4,2026-08-01,2,117.91,False
1380,307,5,2026-08-01,2,117.91,False
1381,308,1,2026-08-01,3,68.65,False
1382,308,2,2026-08-01,3,68.63,False
1383,308,3,2026-08-01,3,68.63,False
1384,308,4,2026-08-01,3,68.63,False
1385,308,5,2026-08-01,3,68.63,True
1386,309,1,2026-08-01,4,34.68,False
1387,309,2,2026-08-01,4,34.68,True
1388,309,3,2026-08-01,4,34.68,False
1389,309,4,2026-08-01,4,34.68,False
1390,309,5,2026-08-01,4,34.68,False
1391,310,1,2026-08-01,5,50.93,False
1392,310,2,2026-08-01,5,50.95,True
1393,310,3,2026-08-01,5,50.95,False
1394,310,4,2026-08-01,5,50.95,False
1395,310,5,2026-08-01,5,50.95,False
1396,311,1,2026-08-04,7,69.95,True
1397,311,2,2026-08-04,7,69.97,False
1398,311,3,2026-08-04,7,69.97,False
1399,311,4,2026-08-04,7,69.97,False
1400,311,5,2026-08-04,7,69.97,False
1401,312,1,2026-08-06,4,145.19,False
1402,312,2,2026-08-06,4,145.19,False
1403,312,3,2026-08-06,4,145.19,False
1404,312,4,2026-08-06,4,145.19,False
1405,312,5,2026-08-06,4,145.19,True
1406,313,1,2026-08-07,4,96.77,False
1407,313,2,2026-08-07,4,96.77,True
1408,313,3,2026-08-07,4,96.77,False
1409,313,4,2026-08-07,4,96.77,False
1410,313,5,2026-08-07,4,96.77,False
1411,314,1,2026-08-09,4,110.80,False
1412,314,2,2026-08-09,4,110.78,False
1413,314,3,2026-08-09,4,110.78,False
1414,314,4,2026-08-09,4,110.78,True
1415,314,5,2026-08-09,4,110.78,False
1416,315,1,2026-08-09,6,112.08,False
1417,315,2,2026-08-09,6,112.07,False
1418,315,3,2026-08-09,6,112.07,False
1419,315,4,2026-08-09,6,112.07,False
1420,315,5,2026-08-09,6,112.07,True
1421,316,4,2026-08-10,6,132.10,False
1422,316,2,2026-08-10,6,132.10,False
1423,316,3,2026-08-10,6,132.10,False
1424,316,5,2026-08-10,6,132.10,False
1425,316,1,2026-08-10,6,132.10,True
1426,317,1,2026-08-11,5,17.67,False
1427,317,2,2026-08-11,5,17.65,False
1428,317,3,2026-08-11,5,17.65,False
1429,317,4,2026-08-11,5,17.65,False
1430,317,5,2026-08-11,5,17.65,True
1431,318,1,2026-08-13,4,68.14,False
1432,318,2,2026-08-13,4,68.12,False
1433,318,3,2026-08-13,4,68.12,True
1434,318,4,2026-08-13,4,68.12,False
1435,318,5,2026-08-13,4,68.12,False
1436,319,1,2026-08-14,4,86.83,True
1437,319,2,2026-08-14,4,86.85,False
1438,319,3,2026-08-14,4,86.85,False
1439,319,4,2026-08-14,4,86.85,False
1440,319,5,2026-08-14,4,86.85,False
1441,320,1,2026-08-14,5,9.77,False
1442,320,2,2026-08-14,5,9.78,False
1443,320,3,2026-08-14,5,9.78,True
1444,320,4,2026-08-14,5,9.78,False
1445,320,5,2026-08-14,5,9.78,False
1446,321,1,2026-08-14,7,12.50,False
1447,321,2,2026-08-14,7,12.49,False
1448,321,3,2026-08-14,7,12.49,False
1449,321,4,2026-08-14,7,12.49,False
1450,321,5,2026-08-14,7,12.49,True
1451,322,1,2026-08-15,4,51.56,True
1452,322,2,2026-08-15,4,51.55,False
1453,322,3,2026-08-15,4,51.55,False
1454,322,4,2026-08-15,4,51.55,False
1455,322,5,2026-08-15,4,51.55,False
1456,323,4,2026-08-15,7,212.57,False
1457,323,1,2026-08-15,7,212.57,False
1458,324,1,2026-08-16,4,152.89,True
1459,324,2,2026-08-16,4,152.91,False
1460,324,3,2026-08-16,4,152.91,False
1461,324,4,2026-08-16,4,152.91,False
1462,324,5,2026-08-16,4,152.91,False
1463,325,1,2026-08-20,4,44.36,True
1464,325,2,2026-08-20,4,44.37,False
1465,325,3,2026-08-20,4,44.37,False
1466,325,4,2026-08-20,4,44.37,False
1467,325,5,2026-08-20,4,44.37,False
1468,326,1,2026-08-21,4,150.19,True
1469,326,2,2026-08-21,4,150.18,False
1470,326,3,2026-08-21,4,150.18,False
1471,326,4,2026-08-21,4,150.18,False
1472,326,5,2026-08-21,4,150.18,False
1473,327,1,2026-08-21,5,55.63,False
1474,327,2,2026-08-21,5,55.62,True
1475,327,3,2026-08-21,5,55.62,False
1476,327,4,2026-08-21,5,55.62,False
1477,327,5,2026-08-21,5,55.62,False
1478,328,1,2026-08-23,4,139.47,True
1479,328,2,2026-08-23,4,139.49,False
1480,328,3,2026-08-23,4,139.49,False
1481,328,4,2026-08-23,4,139.49,False
1482,328,5,2026-08-23,4,139.49,False
1483,329,1,2026-08-23,6,128.24,False
1484,329,5,2026-08-23,6,128.25,True
1485,329,2,2026-08-23,6,128.25,False
1486,329,4,2026-08-23,6,128.25,False
1487,329,3,2026-08-23,6,128.25,False
1488,330,1,2026-08-26,4,133.72,False
1489,330,2,2026-08-26,4,133.71,False
1490,330,3,2026-08-26,4,133.71,True
1491,330,4,2026-08-26,4,133.71,False
1492,330,5,2026-08-26,4,133.71,False
1493,331,1,2026-08-27,4,122.89,True
1494,331,2,2026-08-27,4,122.87,False
1495,331,3,2026-08-27,4,122.87,False
1496,331,4,2026-08-27,4,122.87,False
1497,331,5,2026-08-27,4,122.87,False
1498,332,1,2026-08-28,4,132.96,False
1499,332,2,2026-08-28,4,132.98,False
1500,332,3,2026-08-28,4,132.98,False
1501,332,4,2026-08-28,4,132.98,True
1502,332,5,2026-08-28,4,132.98,False
1503,333,1,2026-08-29,5,11.71,False
1504,333,2,2026-08-29,5,11.71,False
1505,333,3,2026-08-29,5,11.71,False
1506,333,4,2026-08-29,5,11.71,True
1507,333,5,2026-08-29,5,11.71,False
1508,334,1,2026-08-30,4,79.41,False
1509,334,2,2026-08-30,4,79.43,True
1510,334,3,2026-08-30,4,79.43,False
1511,334,4,2026-08-30,4,79.43,False
1512,334,5,2026-08-30,4,79.43,False
1513,335,2,2026-08-31,6,92.39,False
1514,335,3,2026-08-31,6,92.41,False
1515,335,1,2026-08-31,6,92.41,False
1516,335,5,2026-08-31,6,92.41,False
